Rating,Ownership_Type,Sector,Job_Function,Experience_Level,avg_salary,Python_Knowledge,Tableau_Knowledge,R_Knowledge,Description_len,BoxCox_Avg_Salary,boxcox_lambda,Age_Group,Company_Size,Industry_Group,Revenue_Group,Region,Python_Tools_Knowledge,Cloud_or_BigData_Knowledge
3.8,Company - Private,Industry & Finance,data scientist,senior,72.0,1,1,0,2536,11.638736631331165,0.409807547383161,31–55,Medium Company,Industry & Business,Mid-size Business,West Other,0,0
3.4,Other,"Health, Education & Retail",data scientist,Junior,87.5,1,0,1,4783,12.809821810968891,0.409807547383161,31–55,Corporation / Multinational,"Health, Education & Media",Large Business,MD,0,0
4.8,Company - Private,Professional & Other Services,data scientist,senior,85.0,1,0,1,3461,12.629734188213872,0.409807547383161,0–15,Medium Company,Public & Essential Services,Mid-size Business,South Other,0,1
3.8,Other,Industry & Finance,data scientist,Entry Level,76.5,1,0,0,3883,11.992900282090737,0.409807547383161,55+,Large Company,Public & Essential Services,Mid-size Business,West Other,0,0
2.9,Company - Private,Professional & Other Services,data scientist,Unknown,114.5,1,0,1,2728,14.58667096772526,0.409807547383161,16–30,Small Company,"Health, Education & Media",Unknown / N/A,NY,0,0
3.4,Company - Public,Professional & Other Services,data scientist,semi-senior,95.0,1,0,1,3747,13.332532547095152,0.409807547383161,16–30,Medium Company,Professional Services,Large Business,South Other,0,1
4.1,Company - Private,Industry & Finance,data scientist,Unknown,73.5,0,0,0,1786,11.758206585209033,0.409807547383161,16–30,Medium Company,Industry & Business,Unknown / N/A,MD,0,0
3.8,Company - Private,Professional & Other Services,data scientist,Junior,114.0,0,0,0,3804,14.556161184170925,0.409807547383161,16–30,Medium Company,Professional Services,Micro / Small Business,CA,1,1
3.3,Other,"Health, Education & Retail",Other,senior,61.0,0,0,0,1538,10.713946840774367,0.409807547383161,0–15,Corporation / Multinational,"Health, Education & Media",Mid-size Business,NY,0,0
4.6,Company - Private,Tech / Innovation,data scientist,Junior,140.0,1,0,0,4574,16.04908954407807,0.409807547383161,16–30,Small Company,Tech / Innovation,Mid-size Business,NY,0,1
3.5,Company - Private,"Health, Education & Retail",data scientist,Unknown,163.5,1,0,1,2757,17.263010460699213,0.409807547383161,0–15,Medium Company,Industry & Business,Large Business,CA,0,0
4.1,Company - Public,Professional & Other Services,data scientist,Junior,85.0,0,0,0,3490,12.629734188213872,0.409807547383161,55+,Large Company,Professional Services,Large Business,VA,0,1
3.2,Company - Public,"Health, Education & Retail",data scientist,Unknown,139.0,0,0,1,3934,15.994853330622472,0.409807547383161,55+,Corporation / Multinational,Industry & Business,Corporation / Multinational,South Other,0,1
4.1,Company - Private,Professional & Other Services,data analyst,Junior,65.5,1,1,1,4897,11.103284298931268,0.409807547383161,0–15,Medium Company,"Health, Education & Media",Unknown / N/A,West Other,0,1
3.7,Company - Public,"Health, Education & Retail",data scientist,Junior,113.5,0,0,1,3731,14.525572321473,0.409807547383161,Unknown,Corporation / Multinational,"Health, Education & Media",Corporation / Multinational,MA,1,1
3.6,Subsidiary or Business Segment,Professional & Other Services,data engineer,Unknown,146.0,0,0,0,1889,16.369803671986457,0.409807547383161,16–30,Large Company,"Health, Education & Media",Unknown / N/A,Northeast Other,0,0
3.9,Company - Public,"Health, Education & Retail",Other,Junior,102.0,0,0,0,3639,13.798840513309289,0.409807547383161,0–15,Small Company,"Health, Education & Media",Micro / Small Business,MA,0,0
4.3,Company - Private,Tech / Innovation,data scientist,Junior,153.5,1,0,1,4163,16.759942152286346,0.409807547383161,0–15,Medium Company,Tech / Innovation,Unknown / N/A,CA,0,1
4.2,Company - Private,Tech / Innovation,data scientist,Junior,142.5,0,0,0,3512,16.183687470306342,0.409807547383161,0–15,Small Company,Tech / Innovation,Unknown / N/A,CA,0,0
4.0,Nonprofit Organization,Industry & Finance,data scientist,Junior,87.5,0,0,0,4397,12.809821810968891,0.409807547383161,55+,Medium Company,Industry & Business,Mid-size Business,West Other,1,0
3.2,Company - Private,Tech / Innovation,data scientist,Junior,105.5,0,0,1,2918,14.024922733615764,0.409807547383161,0–15,Medium Company,Tech / Innovation,Unknown / N/A,West Other,1,1
3.9,Company - Private,Industry & Finance,data scientist,Junior,96.0,0,0,0,6909,13.400362078390463,0.409807547383161,0–15,Medium Company,Industry & Business,Unknown / N/A,South Other,0,0
3.8,Company - Private,Professional & Other Services,data scientist,senior,112.5,1,0,1,6408,14.464155133505535,0.409807547383161,16–30,Medium Company,Public & Essential Services,Unknown / N/A,IL,0,1
4.3,Nonprofit Organization,Professional & Other Services,data scientist,Entry Level,84.0,1,1,0,2907,12.556824357203215,0.409807547383161,55+,Small Company,Public & Essential Services,Micro / Small Business,South Other,0,0
4.0,Company - Private,Tech / Innovation,data scientist,Junior,143.0,0,0,1,3760,16.210439432986085,0.409807547383161,0–15,Medium Company,Tech / Innovation,Mid-size Business,VA,1,1
4.0,Company - Public,"Health, Education & Retail",data scientist,Entry Level,86.5,1,0,1,3698,12.738155901073535,0.409807547383161,Unknown,Corporation / Multinational,"Health, Education & Media",Corporation / Multinational,MA,0,1
3.5,Company - Private,Industry & Finance,data scientist,semi-senior,99.5,0,1,1,4420,13.634535674309722,0.409807547383161,55+,Large Company,Industry & Business,Mid-size Business,West Other,1,1
3.7,Company - Public,Industry & Finance,data analyst,Unknown,47.5,0,0,0,4900,9.432318313893909,0.409807547383161,Unknown,Large Company,Industry & Business,Large Business,MA,0,0
4.0,Company - Public,"Health, Education & Retail",data scientist,Unknown,84.0,0,0,0,5015,12.556824357203215,0.409807547383161,Unknown,Corporation / Multinational,"Health, Education & Media",Corporation / Multinational,Northeast Other,0,1
3.6,Company - Private,Professional & Other Services,data scientist,Unknown,96.0,1,0,1,3342,13.400362078390463,0.409807547383161,16–30,Large Company,Professional Services,Mid-size Business,Midwest Other,0,0
3.8,Company - Public,"Health, Education & Retail",data scientist,Junior,114.5,0,0,1,5045,14.58667096772526,0.409807547383161,16–30,Corporation / Multinational,"Health, Education & Media",Corporation / Multinational,MA,1,0
3.8,Company - Public,Tech / Innovation,data scientist,Entry Level,121.0,0,0,0,2327,14.976343345000807,0.409807547383161,16–30,Large Company,Tech / Innovation,Large Business,CA,1,1
4.7,Company - Private,"Health, Education & Retail",data scientist,Junior,112.5,1,0,1,2161,14.464155133505535,0.409807547383161,31–55,Medium Company,"Health, Education & Media",Unknown / N/A,MA,0,0
4.2,Company - Private,Tech / Innovation,data analyst,semi-senior,106.0,1,1,1,1739,14.056856885318838,0.409807547383161,16–30,Medium Company,Tech / Innovation,Unknown / N/A,CA,0,0
3.5,Company - Private,Tech / Innovation,data scientist,Junior,107.0,1,1,1,5000,14.120459513225669,0.409807547383161,55+,Large Company,Tech / Innovation,Large Business,CA,0,1
4.7,Company - Private,Industry & Finance,data scientist,senior,110.0,0,0,0,3703,14.30918865721579,0.409807547383161,0–15,Medium Company,Industry & Business,Mid-size Business,MA,1,1
3.5,Company - Public,"Health, Education & Retail",data scientist,senior,147.5,1,0,0,3555,16.448761462144994,0.409807547383161,Unknown,Large Company,"Health, Education & Media",Large Business,CA,0,0
3.5,Company - Private,Industry & Finance,data engineer,Unknown,106.0,1,0,1,1739,14.056856885318838,0.409807547383161,31–55,Medium Company,Industry & Business,Mid-size Business,NY,0,0
4.2,Company - Private,Tech / Innovation,data analyst,Junior,88.0,1,1,1,3053,12.845473554109198,0.409807547383161,16–30,Medium Company,Tech / Innovation,Mid-size Business,CA,0,1
3.6,Company - Private,Professional & Other Services,data engineer,senior,98.5,0,0,0,1996,13.568131878908922,0.409807547383161,0–15,Small Company,Professional Services,Micro / Small Business,MA,0,0
4.2,Company - Private,Tech / Innovation,data scientist,Junior,142.5,0,0,1,3833,16.183687470306342,0.409807547383161,0–15,Small Company,Tech / Innovation,Unknown / N/A,CA,0,0
3.4,Company - Public,Industry & Finance,Other,Unknown,82.5,0,0,1,3550,12.446492612228043,0.409807547383161,0–15,Large Company,Industry & Business,Large Business,Northeast Other,0,1
4.3,Company - Public,Professional & Other Services,data scientist,Entry Level,130.0,0,1,1,9120,15.496011620923557,0.409807547383161,31–55,Large Company,Professional Services,Large Business,IL,1,1
5.0,Company - Private,Tech / Innovation,data scientist,semi-senior,155.0,0,0,0,3213,16.836610990714632,0.409807547383161,0–15,,Tech / Innovation,Unknown / N/A,South Other,0,1
3.7,Company - Public,Tech / Innovation,data scientist,senior,184.5,1,1,1,7286,18.263267838078782,0.409807547383161,55+,Corporation / Multinational,Tech / Innovation,Corporation / Multinational,West Other,0,0
3.1,Company - Private,Tech / Innovation,data analyst,Unknown,29.5,0,0,0,3412,7.326898013386723,0.409807547383161,31–55,Large Company,Tech / Innovation,Large Business,West Other,0,0
4.7,Company - Private,Industry & Finance,Other,Unknown,86.5,0,0,0,2682,12.738155901073535,0.409807547383161,16–30,Medium Company,Industry & Business,Mid-size Business,Midwest Other,0,0
3.7,Company - Public,Industry & Finance,data scientist,senior,81.0,0,1,1,2739,12.334970461958763,0.409807547383161,55+,Corporation / Multinational,Industry & Business,Corporation / Multinational,IL,0,0
3.8,Subsidiary or Business Segment,Professional & Other Services,data scientist,senior,91.0,0,1,0,2915,13.05691451025143,0.409807547383161,31–55,Medium Company,"Health, Education & Media",Unknown / N/A,South Other,1,1
3.3,Company - Private,Industry & Finance,data scientist,semi-senior,114.5,1,0,1,4244,14.58667096772526,0.409807547383161,55+,Corporation / Multinational,Industry & Business,Corporation / Multinational,MA,0,0
4.6,Company - Private,Industry & Finance,data scientist,Junior,68.0,1,1,1,1629,11.312785474869171,0.409807547383161,16–30,Large Company,Industry & Business,Mid-size Business,South Other,0,0
3.7,Company - Public,Industry & Finance,data scientist,Junior,115.0,1,0,1,4734,14.61710222056373,0.409807547383161,Unknown,Corporation / Multinational,Industry & Business,Corporation / Multinational,NY,0,0
3.7,Company - Public,Industry & Finance,data scientist,Entry Level,109.5,0,1,1,4448,14.277946644589518,0.409807547383161,55+,Corporation / Multinational,Industry & Business,Corporation / Multinational,CA,0,0
3.5,Company - Public,"Health, Education & Retail",data scientist,senior,75.5,1,0,0,3543,11.91528254920783,0.409807547383161,Unknown,Large Company,"Health, Education & Media",Large Business,West Other,0,0
4.1,Company - Private,Tech / Innovation,data scientist,senior,154.5,0,0,1,4203,16.81110356130491,0.409807547383161,0–15,Medium Company,Tech / Innovation,Unknown / N/A,CA,1,1
4.7,Company - Private,Tech / Innovation,data scientist,senior,143.5,0,0,1,5020,16.237136246825706,0.409807547383161,0–15,Small Company,Tech / Innovation,Unknown / N/A,Midwest Other,1,1
4.4,Subsidiary or Business Segment,Professional & Other Services,data scientist,Junior,107.0,1,1,1,4804,14.120459513225669,0.409807547383161,55+,Medium Company,Professional Services,Unknown / N/A,Midwest Other,0,1
4.3,Company - Private,Professional & Other Services,data scientist,Unknown,115.0,1,1,1,1382,14.61710222056373,0.409807547383161,0–15,Medium Company,Professional Services,Micro / Small Business,NY,0,1
3.8,Company - Public,Industry & Finance,data scientist,Unknown,139.5,0,0,0,2933,16.022000120039035,0.409807547383161,16–30,Medium Company,Industry & Business,Mid-size Business,CA,0,0
3.8,Other,Industry & Finance,data scientist,Unknown,67.0,0,0,0,4945,11.229539652641526,0.409807547383161,55+,Large Company,Public & Essential Services,Mid-size Business,West Other,1,0
3.8,Company - Public,"Health, Education & Retail",data scientist,Junior,85.0,0,0,1,2493,12.629734188213872,0.409807547383161,55+,Corporation / Multinational,Industry & Business,Large Business,Northeast Other,1,0
2.8,Company - Private,"Health, Education & Retail",data scientist,Entry Level,118.0,1,0,1,1939,14.798070539206382,0.409807547383161,16–30,Small Company,"Health, Education & Media",Micro / Small Business,MA,0,0
4.7,Company - Private,Tech / Innovation,data scientist,semi-senior,79.5,0,0,1,3081,12.222222655044892,0.409807547383161,16–30,Small Company,Tech / Innovation,Micro / Small Business,South Other,1,0
3.1,Company - Public,Professional & Other Services,data scientist,Junior,56.5,1,1,1,8397,10.307262814574361,0.409807547383161,16–30,Medium Company,"Health, Education & Media",Mid-size Business,MA,0,0
3.2,Company - Private,Professional & Other Services,data scientist,Junior,128.5,1,0,0,2306,15.410908953904139,0.409807547383161,0–15,Small Company,Professional Services,Micro / Small Business,Northeast Other,0,1
4.0,Company - Public,Tech / Innovation,Other,Junior,97.5,0,0,0,2291,13.501329001850149,0.409807547383161,55+,Corporation / Multinational,Tech / Innovation,Unknown / N/A,West Other,0,0
4.4,Company - Private,Tech / Innovation,Other,Entry Level,66.5,1,1,1,1886,11.187641624173274,0.409807547383161,0–15,Small Company,Tech / Innovation,Unknown / N/A,Midwest Other,0,0
3.6,Company - Public,Professional & Other Services,data scientist,Junior,179.5,1,0,1,2903,18.031471939356447,0.409807547383161,55+,Corporation / Multinational,Industry & Business,Corporation / Multinational,IL,0,0
2.7,Subsidiary or Business Segment,Professional & Other Services,Other,senior,76.0,0,0,0,2653,11.954166760666661,0.409807547383161,31–55,Medium Company,Professional Services,Mid-size Business,Midwest Other,0,0
3.9,Company - Private,Tech / Innovation,data scientist,Unknown,112.0,1,0,1,4427,14.433325679649561,0.409807547383161,0–15,Medium Company,Tech / Innovation,Mid-size Business,VA,0,1
3.1,Company - Private,Professional & Other Services,data scientist,Junior,98.0,1,0,0,2609,13.534780729595854,0.409807547383161,Unknown,Large Company,Public & Essential Services,Large Business,Northeast Other,0,0
4.0,Company - Public,Tech / Innovation,data scientist,semi-senior,128.0,0,0,0,4295,15.382411194814054,0.409807547383161,55+,Corporation / Multinational,Tech / Innovation,Unknown / N/A,West Other,1,1
4.3,Company - Private,Tech / Innovation,data scientist,Junior,150.5,0,0,1,3405,16.60526710686997,0.409807547383161,0–15,Medium Company,Tech / Innovation,Unknown / N/A,CA,1,1
1.9,Company - Private,"Health, Education & Retail",Other,Unknown,87.5,0,0,1,5153,12.809821810968891,0.409807547383161,16–30,Small Company,"Health, Education & Media",Micro / Small Business,MA,0,1
3.3,Company - Private,Industry & Finance,data scientist,Junior,110.0,0,0,1,3381,14.30918865721579,0.409807547383161,0–15,Large Company,Industry & Business,Large Business,VA,1,1
4.4,Company - Private,Tech / Innovation,data scientist,Junior,113.5,1,0,1,879,14.525572321473,0.409807547383161,16–30,Corporation / Multinational,Tech / Innovation,Mid-size Business,CA,0,0
3.9,Company - Private,"Health, Education & Retail",data scientist,Junior,124.0,1,0,1,4189,15.152026159885294,0.409807547383161,0–15,Small Company,"Health, Education & Media",Micro / Small Business,CA,0,0
4.7,Company - Private,Professional & Other Services,data analyst,Junior,56.5,0,0,0,4424,10.307262814574361,0.409807547383161,16–30,Medium Company,"Health, Education & Media",Micro / Small Business,Northeast Other,0,0
4.5,Nonprofit Organization,Industry & Finance,data scientist,Junior,130.0,1,0,0,2996,15.496011620923557,0.409807547383161,55+,Large Company,Industry & Business,Large Business,MD,0,0
4.3,Company - Private,Tech / Innovation,data analyst,Unknown,77.5,0,0,0,3682,12.069921481350242,0.409807547383161,16–30,Small Company,Tech / Innovation,Micro / Small Business,IL,0,0
4.0,Company - Private,Professional & Other Services,data engineer,senior,87.0,1,0,0,3819,12.774049627486919,0.409807547383161,16–30,Medium Company,Professional Services,Mid-size Business,VA,0,1
4.4,Company - Private,Professional & Other Services,data analyst,Unknown,53.5,0,0,0,1791,10.025409677294848,0.409807547383161,55+,Medium Company,Industry & Business,Mid-size Business,West Other,0,0
4.2,Company - Private,Tech / Innovation,data scientist,Junior,85.5,1,0,1,3204,12.66599932606456,0.409807547383161,16–30,Medium Company,Tech / Innovation,Mid-size Business,South Other,0,1
4.5,Company - Private,Tech / Innovation,Other,Unknown,48.0,0,0,1,2253,9.48337521500791,0.409807547383161,16–30,Small Company,Tech / Innovation,Micro / Small Business,South Other,0,1
3.5,Company - Private,Tech / Innovation,data analyst,Junior,48.0,0,0,0,2772,9.48337521500791,0.409807547383161,16–30,Small Company,Tech / Innovation,Unknown / N/A,South Other,0,0
3.5,Company - Public,"Health, Education & Retail",Other,Unknown,174.0,0,0,1,4751,17.77205127561644,0.409807547383161,31–55,Medium Company,"Health, Education & Media",Mid-size Business,CA,0,0
3.9,Company - Public,Industry & Finance,data scientist,Junior,85.0,1,0,1,2380,12.629734188213872,0.409807547383161,55+,Large Company,Industry & Business,Large Business,South Other,0,1
4.7,Company - Private,Tech / Innovation,Other,Unknown,106.5,0,0,0,2723,14.088702257893775,0.409807547383161,16–30,Small Company,Tech / Innovation,Micro / Small Business,MD,0,0
4.2,Company - Private,Tech / Innovation,data analyst,semi-senior,72.5,0,0,0,2337,11.678721782949623,0.409807547383161,31–55,Large Company,Tech / Innovation,Mid-size Business,MD,0,0
3.4,Subsidiary or Business Segment,Tech / Innovation,Other,senior,85.5,0,0,0,4088,12.66599932606456,0.409807547383161,16–30,Corporation / Multinational,Tech / Innovation,Corporation / Multinational,MD,0,0
3.2,Nonprofit Organization,Public Sector,data scientist,Entry Level,97.5,1,1,1,5342,13.501329001850149,0.409807547383161,55+,Large Company,Public & Essential Services,Large Business,VA,0,0
3.9,Company - Private,Tech / Innovation,data scientist,Unknown,99.0,0,1,0,2588,13.601383260454815,0.409807547383161,0–15,Medium Company,Tech / Innovation,Mid-size Business,VA,1,0
3.1,Company - Private,Industry & Finance,data analyst,Entry Level,56.5,0,0,0,4203,10.307262814574361,0.409807547383161,16–30,Large Company,Industry & Business,Large Business,Midwest Other,0,0
4.1,Company - Private,Tech / Innovation,data scientist,senior,133.0,1,0,0,5467,15.664494628815142,0.409807547383161,16–30,Small Company,Tech / Innovation,Unknown / N/A,MD,0,0
3.8,Company - Private,Professional & Other Services,data scientist,Unknown,121.0,0,0,1,3443,14.976343345000807,0.409807547383161,0–15,Small Company,Professional Services,Unknown / N/A,NY,1,1
4.7,Company - Private,Professional & Other Services,data scientist,Junior,85.5,1,0,1,3316,12.66599932606456,0.409807547383161,31–55,Medium Company,Public & Essential Services,Unknown / N/A,NY,0,0
4.3,Subsidiary or Business Segment,"Health, Education & Retail",data scientist,Junior,87.5,0,0,0,3717,12.809821810968891,0.409807547383161,0–15,Large Company,Professional Services,Unknown / N/A,South Other,1,0
4.2,Company - Private,Professional & Other Services,data scientist,Unknown,237.5,1,0,1,3301,20.52051975220116,0.409807547383161,55+,Large Company,Professional Services,Unknown / N/A,South Other,0,0
3.9,Company - Private,Tech / Innovation,data engineer,Junior,95.5,1,1,0,5483,13.366499711541822,0.409807547383161,16–30,Large Company,Tech / Innovation,Mid-size Business,South Other,0,1
3.3,Company - Public,Industry & Finance,data scientist,semi-senior,104.5,1,0,1,4753,13.960785404462358,0.409807547383161,31–55,Corporation / Multinational,Industry & Business,Large Business,Midwest Other,0,1
4.7,Company - Private,Tech / Innovation,data analyst,Unknown,56.5,0,1,0,5609,10.307262814574361,0.409807547383161,0–15,Medium Company,Tech / Innovation,Unknown / N/A,Northeast Other,0,0
4.3,Company - Private,Tech / Innovation,data analyst,Entry Level,55.0,0,0,0,3209,10.167470591737581,0.409807547383161,0–15,Medium Company,Tech / Innovation,Micro / Small Business,West Other,0,0
2.9,Other,"Health, Education & Retail",Other,senior,61.5,0,0,0,4917,10.758026132537253,0.409807547383161,31–55,Large Company,"Health, Education & Media",Unknown / N/A,Midwest Other,0,0
4.5,Company - Private,Tech / Innovation,data scientist,Junior,157.0,0,0,0,5139,16.93815801502327,0.409807547383161,16–30,Medium Company,Tech / Innovation,Mid-size Business,CA,0,1
3.4,Company - Private,Tech / Innovation,data engineer,Junior,78.0,1,0,0,2232,12.10821220744481,0.409807547383161,0–15,Medium Company,Tech / Innovation,Unknown / N/A,Northeast Other,0,0
3.2,Company - Private,Tech / Innovation,data scientist,Junior,132.5,0,0,0,3158,15.636571036468876,0.409807547383161,0–15,Small Company,Tech / Innovation,Unknown / N/A,CA,1,1
4.0,Company - Public,Tech / Innovation,data engineer,senior,108.0,1,0,1,3443,14.18371227983268,0.409807547383161,31–55,Large Company,Tech / Innovation,Large Business,CA,0,1
4.6,Company - Private,Professional & Other Services,data scientist,Unknown,80.5,0,0,0,741,12.297525833334582,0.409807547383161,55+,Medium Company,Professional Services,Mid-size Business,Midwest Other,0,0
2.8,Company - Private,"Health, Education & Retail",data scientist,Unknown,107.5,1,0,0,3899,14.152129305199335,0.409807547383161,16–30,Medium Company,"Health, Education & Media",Unknown / N/A,MD,0,0
4.7,Company - Private,Professional & Other Services,data engineer,Junior,95.0,0,0,0,2896,13.332532547095152,0.409807547383161,16–30,Small Company,Professional Services,Micro / Small Business,Midwest Other,0,1
3.0,Nonprofit Organization,"Health, Education & Retail",data scientist,Unknown,119.5,1,1,1,3947,14.887537125247327,0.409807547383161,16–30,Large Company,"Health, Education & Media",Unknown / N/A,CA,0,1
3.2,Company - Private,Professional & Other Services,data engineer,Junior,134.0,0,0,0,2620,15.720156519200017,0.409807547383161,16–30,Large Company,"Health, Education & Media",Large Business,South Other,0,1
4.4,Company - Private,Tech / Innovation,data scientist,Junior,100.5,0,1,0,4188,13.700546747445081,0.409807547383161,16–30,Medium Company,Tech / Innovation,Unknown / N/A,MA,1,0
3.5,Company - Public,Professional & Other Services,data scientist,Unknown,107.5,1,1,1,7231,14.152129305199335,0.409807547383161,55+,Large Company,Tech / Innovation,Mid-size Business,Midwest Other,0,0
4.0,Company - Private,Tech / Innovation,data engineer,Junior,122.0,1,0,0,4064,15.035187043867156,0.409807547383161,0–15,Small Company,Tech / Innovation,Unknown / N/A,South Other,0,1
4.3,Company - Public,Professional & Other Services,data engineer,senior,92.5,1,0,1,8175,13.161093587581416,0.409807547383161,31–55,Large Company,Professional Services,Large Business,IL,0,1
2.3,Company - Private,Professional & Other Services,data analyst,Junior,62.0,0,0,0,1822,10.801894421700645,0.409807547383161,31–55,Medium Company,Professional Services,Mid-size Business,MD,0,0
4.0,Other,Professional & Other Services,Other,Junior,39.5,0,0,0,2773,8.568062547484704,0.409807547383161,16–30,Small Company,Professional Services,Micro / Small Business,South Other,0,0
3.6,Company - Private,Industry & Finance,data scientist,senior,107.5,0,1,0,3987,14.152129305199335,0.409807547383161,55+,Large Company,Industry & Business,Mid-size Business,CA,0,0
3.8,Company - Private,Professional & Other Services,data analyst,Junior,40.5,1,1,0,4154,8.6814296115359,0.409807547383161,0–15,Medium Company,Professional Services,Unknown / N/A,Midwest Other,0,1
3.7,Company - Public,Tech / Innovation,data scientist,Junior,89.5,0,1,0,5002,12.951716926339227,0.409807547383161,55+,Corporation / Multinational,Tech / Innovation,Corporation / Multinational,VA,1,1
4.4,Company - Private,Professional & Other Services,data scientist,Junior,81.0,1,1,1,3154,12.334970461958763,0.409807547383161,16–30,Medium Company,Professional Services,Mid-size Business,IL,0,1
4.0,Company - Private,Tech / Innovation,data scientist,Junior,147.0,0,0,1,3698,16.42249507608412,0.409807547383161,0–15,Medium Company,Tech / Innovation,Mid-size Business,VA,1,1
3.2,Company - Private,Industry & Finance,data scientist,Unknown,85.0,1,1,1,3991,12.629734188213872,0.409807547383161,55+,Large Company,Industry & Business,Mid-size Business,South Other,0,0
2.9,Company - Private,Industry & Finance,Other,Junior,81.5,0,0,0,5619,12.3722789207617,0.409807547383161,31–55,Large Company,Industry & Business,Large Business,CA,0,0
3.8,Company - Public,"Health, Education & Retail",Other,Junior,168.0,0,0,0,6275,17.48346563983841,0.409807547383161,16–30,Large Company,"Health, Education & Media",Mid-size Business,CA,0,0
4.3,Company - Private,Industry & Finance,data scientist,senior,100.5,0,0,0,3549,13.700546747445081,0.409807547383161,16–30,Small Company,Industry & Business,Unknown / N/A,West Other,1,1
3.4,Company - Private,Professional & Other Services,data scientist,senior,97.0,1,1,1,7548,13.467775874221811,0.409807547383161,55+,Large Company,Professional Services,Mid-size Business,NY,0,1
5.0,Company - Private,Tech / Innovation,data engineer,Unknown,132.5,0,0,0,688,15.636571036468876,0.409807547383161,0–15,Small Company,Tech / Innovation,Unknown / N/A,South Other,0,0
4.3,Company - Private,Tech / Innovation,data engineer,Junior,100.0,0,0,0,3055,13.667589910151301,0.409807547383161,16–30,Small Company,Tech / Innovation,Micro / Small Business,IL,0,1
3.7,Company - Private,Professional & Other Services,data scientist,Unknown,105.0,1,0,0,3353,13.99289913276282,0.409807547383161,0–15,Medium Company,Public & Essential Services,Unknown / N/A,West Other,0,0
4.2,Nonprofit Organization,Professional & Other Services,data engineer,Junior,87.0,0,0,0,3066,12.774049627486919,0.409807547383161,0–15,Corporation / Multinational,Public & Essential Services,Unknown / N/A,West Other,0,1
4.3,Company - Private,Professional & Other Services,data analyst,Junior,103.5,0,0,0,1806,13.896284810091302,0.409807547383161,0–15,Small Company,Professional Services,Unknown / N/A,CA,0,0
2.6,Other,"Health, Education & Retail",Other,senior,124.0,1,0,0,6130,15.152026159885294,0.409807547383161,31–55,Medium Company,"Health, Education & Media",Unknown / N/A,Northeast Other,0,1
3.8,Other,Industry & Finance,data scientist,Entry Level,67.0,1,0,1,6844,11.229539652641526,0.409807547383161,55+,Large Company,Public & Essential Services,Mid-size Business,West Other,0,0
3.9,Company - Private,Tech / Innovation,data engineer,Unknown,87.0,0,0,0,3217,12.774049627486919,0.409807547383161,16–30,Corporation / Multinational,Tech / Innovation,Large Business,South Other,0,0
4.3,Company - Private,Tech / Innovation,data scientist,Junior,137.5,0,0,1,3405,15.913065469826527,0.409807547383161,0–15,Medium Company,Tech / Innovation,Unknown / N/A,IL,1,1
3.8,Company - Private,Professional & Other Services,data scientist,Junior,100.0,0,0,1,5526,13.667589910151301,0.409807547383161,31–55,Medium Company,"Health, Education & Media",Mid-size Business,Midwest Other,1,0
3.8,Nonprofit Organization,Industry & Finance,data engineer,Unknown,106.5,0,1,0,5743,14.088702257893775,0.409807547383161,55+,Large Company,Industry & Business,Large Business,South Other,0,0
3.8,Other,Industry & Finance,data scientist,senior,98.5,0,0,0,4904,13.568131878908922,0.409807547383161,55+,Large Company,Public & Essential Services,Mid-size Business,West Other,0,0
4.8,Company - Private,Professional & Other Services,data analyst,Junior,61.0,1,0,1,2934,10.713946840774367,0.409807547383161,0–15,Medium Company,Public & Essential Services,Mid-size Business,South Other,0,0
4.4,Company - Private,Professional & Other Services,data scientist,senior,106.5,1,0,0,4127,14.088702257893775,0.409807547383161,16–30,Small Company,Professional Services,Unknown / N/A,Midwest Other,0,1
3.9,Company - Private,Tech / Innovation,data engineer,Junior,84.5,1,0,0,2075,12.593342928201828,0.409807547383161,16–30,Small Company,Tech / Innovation,Unknown / N/A,MA,0,1
3.4,Company - Public,Industry & Finance,Other,Junior,109.5,1,1,1,2962,14.277946644589518,0.409807547383161,Unknown,Large Company,Industry & Business,Large Business,Northeast Other,0,0
3.6,Company - Private,Industry & Finance,data scientist,Unknown,164.0,0,0,1,4414,17.287680910374963,0.409807547383161,Unknown,Large Company,Industry & Business,Corporation / Multinational,MA,1,1
3.9,Subsidiary or Business Segment,"Health, Education & Retail",data scientist,Unknown,169.0,1,0,1,7106,17.531980874808895,0.409807547383161,31–55,Corporation / Multinational,"Health, Education & Media",Corporation / Multinational,CA,0,1
3.8,Company - Public,Tech / Innovation,data scientist,Junior,142.0,0,0,0,2397,16.156880050756666,0.409807547383161,16–30,Large Company,Tech / Innovation,Large Business,CA,1,1
3.7,Company - Public,"Health, Education & Retail",Other,Junior,76.5,0,0,0,2468,11.992900282090737,0.409807547383161,Unknown,Corporation / Multinational,"Health, Education & Media",Corporation / Multinational,MA,0,0
3.8,Company - Private,Industry & Finance,data scientist,senior,107.0,1,1,1,3010,14.120459513225669,0.409807547383161,31–55,Medium Company,Industry & Business,Mid-size Business,MD,0,0
3.5,Company - Public,Tech / Innovation,data scientist,senior,171.5,1,0,0,4486,17.65253245044618,0.409807547383161,31–55,Corporation / Multinational,Tech / Innovation,Corporation / Multinational,CA,0,1
4.2,Nonprofit Organization,Professional & Other Services,data engineer,Unknown,107.0,0,0,0,2617,14.120459513225669,0.409807547383161,0–15,Corporation / Multinational,Public & Essential Services,Unknown / N/A,West Other,0,0
3.5,Company - Private,"Health, Education & Retail",Other,senior,145.0,1,0,1,5391,16.316898834151658,0.409807547383161,0–15,Large Company,"Health, Education & Media",Large Business,MA,0,0
2.9,Nonprofit Organization,"Health, Education & Retail",data analyst,senior,61.5,1,1,1,5736,10.758026132537253,0.409807547383161,31–55,Medium Company,"Health, Education & Media",Micro / Small Business,VA,0,0
3.6,Nonprofit Organization,"Health, Education & Retail",Other,Entry Level,41.0,0,0,0,2117,8.73749403961478,0.409807547383161,0–15,Large Company,"Health, Education & Media",Unknown / N/A,Northeast Other,0,0
2.7,Other,Industry & Finance,data scientist,senior,120.0,1,1,0,6467,14.91721192334841,0.409807547383161,55+,Small Company,Industry & Business,Mid-size Business,Midwest Other,0,0
4.4,Company - Public,"Health, Education & Retail",Other,senior,62.0,0,0,0,5512,10.801894421700645,0.409807547383161,0–15,Medium Company,"Health, Education & Media",Mid-size Business,MA,0,0
4.0,Company - Public,Tech / Innovation,data scientist,Junior,150.5,0,0,1,2525,16.60526710686997,0.409807547383161,31–55,Large Company,Tech / Innovation,Large Business,CA,1,1
4.3,Company - Private,Professional & Other Services,Other,senior,87.5,0,1,0,1961,12.809821810968891,0.409807547383161,55+,Medium Company,"Health, Education & Media",Unknown / N/A,Midwest Other,0,0
4.2,Company - Public,Professional & Other Services,data engineer,Junior,71.5,1,0,0,10051,11.598587260210518,0.409807547383161,16–30,Small Company,"Health, Education & Media",Micro / Small Business,South Other,0,1
3.6,Subsidiary or Business Segment,"Health, Education & Retail",data analyst,Junior,51.5,0,0,0,4353,9.832288630150737,0.409807547383161,16–30,Small Company,Industry & Business,Mid-size Business,CA,0,0
3.7,Company - Public,"Health, Education & Retail",Other,senior,151.5,0,0,1,5801,16.65702600188328,0.409807547383161,Unknown,Corporation / Multinational,"Health, Education & Media",Corporation / Multinational,CA,0,0
2.8,Company - Private,Tech / Innovation,data analyst,Junior,77.5,1,1,1,5894,12.069921481350242,0.409807547383161,0–15,Medium Company,Tech / Innovation,Unknown / N/A,Northeast Other,0,0
3.7,Company - Public,"Health, Education & Retail",Other,Junior,140.0,0,0,0,2309,16.04908954407807,0.409807547383161,Unknown,Corporation / Multinational,"Health, Education & Media",Corporation / Multinational,MA,0,0
3.3,Company - Private,Industry & Finance,data scientist,Unknown,98.5,0,0,1,3239,13.568131878908922,0.409807547383161,31–55,Large Company,Industry & Business,Micro / Small Business,Northeast Other,0,0
3.6,Nonprofit Organization,"Health, Education & Retail",Other,Junior,55.0,0,0,0,2724,10.167470591737581,0.409807547383161,55+,Large Company,"Health, Education & Media",Mid-size Business,South Other,0,0
3.7,Company - Public,"Health, Education & Retail",Other,Unknown,161.5,0,0,0,1345,17.16388080489464,0.409807547383161,Unknown,Corporation / Multinational,"Health, Education & Media",Corporation / Multinational,MA,0,0
3.4,Company - Public,Industry & Finance,data scientist,Junior,147.0,0,0,1,4835,16.42249507608412,0.409807547383161,55+,Large Company,Industry & Business,Large Business,NY,1,1
4.1,Company - Private,Industry & Finance,data analyst,Entry Level,61.0,0,0,0,2886,10.713946840774367,0.409807547383161,55+,Medium Company,Public & Essential Services,Large Business,Midwest Other,0,0
2.6,Other,"Health, Education & Retail",data scientist,Junior,120.0,0,0,1,2808,14.91721192334841,0.409807547383161,31–55,Medium Company,"Health, Education & Media",Unknown / N/A,Northeast Other,1,0
3.2,Company - Public,Industry & Finance,data scientist,Junior,124.5,0,0,1,1925,15.18106186332763,0.409807547383161,16–30,Large Company,Industry & Business,Mid-size Business,West Other,1,0
3.9,Company - Private,Industry & Finance,data scientist,Unknown,148.0,1,0,1,2364,16.47497535069995,0.409807547383161,16–30,Small Company,Industry & Business,Mid-size Business,CA,0,0
4.7,Company - Private,Industry & Finance,data analyst,Unknown,59.0,1,0,0,3088,10.535463609359201,0.409807547383161,16–30,Small Company,Industry & Business,Micro / Small Business,South Other,0,0
3.7,Company - Public,Industry & Finance,data scientist,senior,146.5,1,0,1,5123,16.39617590828162,0.409807547383161,Unknown,Large Company,Industry & Business,Large Business,MA,0,0
2.9,Company - Public,"Health, Education & Retail",Other,Unknown,91.5,0,0,0,3984,13.091752723015192,0.409807547383161,0–15,Medium Company,"Health, Education & Media",Unknown / N/A,MA,0,0
3.0,Company - Private,"Health, Education & Retail",data scientist,semi-senior,133.0,0,0,0,3280,15.664494628815142,0.409807547383161,0–15,Medium Company,"Health, Education & Media",Unknown / N/A,IL,1,1
4.7,Company - Private,"Health, Education & Retail",data scientist,Unknown,140.5,0,0,1,4819,16.076121928190652,0.409807547383161,0–15,Small Company,"Health, Education & Media",Micro / Small Business,West Other,1,1
3.7,Company - Private,Tech / Innovation,data engineer,senior,70.5,0,0,0,3670,11.517788506166134,0.409807547383161,0–15,Medium Company,Tech / Innovation,Unknown / N/A,South Other,0,0
3.3,Other,"Health, Education & Retail",Other,Unknown,84.5,0,0,0,3670,12.593342928201828,0.409807547383161,0–15,Corporation / Multinational,"Health, Education & Media",Mid-size Business,NY,0,0
4.0,Company - Private,Tech / Innovation,Other,Unknown,93.5,0,0,0,4637,13.229993422962222,0.409807547383161,16–30,Small Company,Tech / Innovation,Micro / Small Business,MD,0,0
4.4,Company - Public,"Health, Education & Retail",Other,senior,134.5,0,0,0,4438,15.747895550049625,0.409807547383161,0–15,Medium Company,"Health, Education & Media",Mid-size Business,MA,0,0
3.9,Company - Private,Tech / Innovation,data scientist,senior,181.0,0,0,0,2015,18.101406503857945,0.409807547383161,16–30,Medium Company,Tech / Innovation,Micro / Small Business,CA,1,1
3.3,Other,"Health, Education & Retail",Other,Unknown,84.5,0,0,0,3627,12.593342928201828,0.409807547383161,0–15,Corporation / Multinational,"Health, Education & Media",Mid-size Business,NY,0,0
4.1,Company - Private,Tech / Innovation,data engineer,Junior,205.0,1,0,0,4037,19.176770716321354,0.409807547383161,0–15,Small Company,Tech / Innovation,Mid-size Business,CA,0,1
3.6,Company - Private,Professional & Other Services,data analyst,Entry Level,48.5,0,1,0,4608,9.53411918215248,0.409807547383161,31–55,Large Company,Professional Services,Mid-size Business,CA,0,0
4.0,Other,"Health, Education & Retail",Other,Unknown,43.0,0,0,0,5160,8.957806486811881,0.409807547383161,31–55,Large Company,"Health, Education & Media",Mid-size Business,South Other,0,1
2.4,Company - Private,Industry & Finance,Other,senior,52.5,0,0,1,2433,9.929391945681735,0.409807547383161,0–15,Medium Company,Industry & Business,Mid-size Business,IL,0,0
2.6,Other,"Health, Education & Retail",data scientist,Unknown,124.0,0,0,0,5379,15.152026159885294,0.409807547383161,31–55,Medium Company,"Health, Education & Media",Unknown / N/A,Northeast Other,0,0
3.5,Nonprofit Organization,"Health, Education & Retail",Other,Unknown,64.0,0,1,0,3846,10.975310715781935,0.409807547383161,16–30,Medium Company,"Health, Education & Media",Mid-size Business,CA,0,0
3.0,Company - Private,"Health, Education & Retail",data engineer,Junior,98.0,1,0,0,2133,13.534780729595854,0.409807547383161,55+,Corporation / Multinational,Public & Essential Services,Corporation / Multinational,South Other,0,0
3.6,Nonprofit Organization,"Health, Education & Retail",Other,Junior,55.0,0,0,0,2801,10.167470591737581,0.409807547383161,55+,Large Company,"Health, Education & Media",Mid-size Business,South Other,0,0
3.3,Company - Private,Industry & Finance,Other,Unknown,54.0,0,0,1,2832,10.073021538797782,0.409807547383161,55+,Medium Company,Industry & Business,Unknown / N/A,Midwest Other,0,0
2.7,Company - Private,"Health, Education & Retail",Other,Junior,81.0,0,0,1,3776,12.334970461958763,0.409807547383161,55+,Medium Company,"Health, Education & Media",Micro / Small Business,MD,0,0
3.4,Company - Public,Professional & Other Services,data engineer,Unknown,107.5,0,0,0,4288,14.152129305199335,0.409807547383161,16–30,Large Company,Public & Essential Services,Large Business,IL,0,0
3.7,Company - Public,Industry & Finance,data scientist,semi-senior,89.0,1,1,1,5298,12.91642004905243,0.409807547383161,16–30,Corporation / Multinational,Industry & Business,Corporation / Multinational,VA,0,1
4.8,Company - Private,Industry & Finance,data scientist,Junior,100.5,0,0,1,1806,13.700546747445081,0.409807547383161,55+,Large Company,Industry & Business,Large Business,Midwest Other,0,0
3.8,Company - Private,Professional & Other Services,data analyst,Unknown,65.0,0,1,0,2469,11.060820457801672,0.409807547383161,16–30,Large Company,Public & Essential Services,Large Business,NY,0,0
3.4,Other,Public Sector,Other,Unknown,40.0,0,0,0,9322,8.624955174319178,0.409807547383161,55+,Corporation / Multinational,Public & Essential Services,Unknown / N/A,South Other,0,0
4.3,Subsidiary or Business Segment,Professional & Other Services,data scientist,semi-senior,72.5,1,1,1,5775,11.678721782949623,0.409807547383161,16–30,Medium Company,Professional Services,Unknown / N/A,South Other,0,1
3.4,Company - Private,Professional & Other Services,data scientist,Junior,87.5,0,0,1,4082,12.809821810968891,0.409807547383161,31–55,Small Company,"Health, Education & Media",Micro / Small Business,IL,0,0
3.1,Company - Public,Professional & Other Services,data analyst,Junior,92.5,1,1,1,3123,13.161093587581416,0.409807547383161,16–30,Large Company,Tech / Innovation,Corporation / Multinational,CA,0,1
3.2,Nonprofit Organization,Public Sector,data scientist,Junior,81.5,1,0,0,3144,12.3722789207617,0.409807547383161,55+,Large Company,Public & Essential Services,Large Business,VA,0,1
4.3,Company - Private,Professional & Other Services,Other,semi-senior,79.0,0,0,0,1884,12.184361344461632,0.409807547383161,31–55,Large Company,Public & Essential Services,Unknown / N/A,Midwest Other,0,0
2.8,Nonprofit Organization,Professional & Other Services,data analyst,senior,47.5,0,0,0,5435,9.432318313893909,0.409807547383161,0–15,Medium Company,Public & Essential Services,Mid-size Business,CA,0,0
3.4,Company - Private,Tech / Innovation,data analyst,Entry Level,69.0,1,1,1,5483,11.395311874541548,0.409807547383161,0–15,Small Company,Tech / Innovation,Unknown / N/A,CA,0,0
4.0,Company - Private,Tech / Innovation,data analyst,Entry Level,49.0,1,1,1,2505,9.5845553300907,0.409807547383161,31–55,Medium Company,Tech / Innovation,Mid-size Business,West Other,0,0
3.7,Company - Private,Tech / Innovation,data analyst,Junior,59.0,0,0,0,2774,10.535463609359201,0.409807547383161,16–30,Medium Company,Tech / Innovation,Unknown / N/A,Northeast Other,0,0
3.5,Company - Private,Tech / Innovation,data scientist,Junior,88.5,0,0,0,7107,12.88100594329769,0.409807547383161,0–15,Medium Company,Tech / Innovation,Micro / Small Business,Midwest Other,0,1
4.7,Company - Private,Professional & Other Services,Other,Unknown,114.5,1,1,1,4135,14.58667096772526,0.409807547383161,31–55,Medium Company,Professional Services,Mid-size Business,NY,0,0
4.4,Company - Public,Tech / Innovation,data engineer,Junior,88.0,1,0,0,4471,12.845473554109198,0.409807547383161,16–30,Large Company,Tech / Innovation,Mid-size Business,South Other,0,1
4.1,Company - Private,Tech / Innovation,data engineer,Unknown,100.0,1,0,0,4948,13.667589910151301,0.409807547383161,16–30,Medium Company,Tech / Innovation,Mid-size Business,IL,0,1
2.5,Company - Public,Professional & Other Services,data scientist,Junior,96.5,1,0,1,4466,13.434120514276419,0.409807547383161,16–30,Large Company,"Health, Education & Media",Large Business,West Other,0,1
4.2,Company - Private,Professional & Other Services,data analyst,Unknown,76.0,1,0,0,2385,11.954166760666661,0.409807547383161,31–55,Medium Company,Professional Services,Unknown / N/A,Midwest Other,0,0
3.9,Company - Private,Professional & Other Services,data scientist,Unknown,15.5,0,0,1,5019,5.062692249809687,0.409807547383161,55+,Large Company,Professional Services,Mid-size Business,NY,0,0
4.3,Company - Private,Professional & Other Services,data scientist,semi-senior,83.5,1,0,1,3111,12.520177268031212,0.409807547383161,0–15,Small Company,"Health, Education & Media",Unknown / N/A,South Other,0,0
3.9,Subsidiary or Business Segment,"Health, Education & Retail",data scientist,senior,163.0,0,0,1,4502,17.238295443774877,0.409807547383161,31–55,Corporation / Multinational,"Health, Education & Media",Corporation / Multinational,CA,0,0
3.4,Nonprofit Organization,Industry & Finance,data analyst,senior,100.0,0,0,0,4837,13.667589910151301,0.409807547383161,55+,Medium Company,Industry & Business,Unknown / N/A,Northeast Other,0,1
3.8,Nonprofit Organization,Professional & Other Services,Other,senior,52.5,0,0,0,4837,9.929391945681735,0.409807547383161,55+,Large Company,Public & Essential Services,Unknown / N/A,Midwest Other,0,0
3.3,Nonprofit Organization,"Health, Education & Retail",data analyst,Unknown,50.0,0,1,0,4135,9.68452395834392,0.409807547383161,55+,Medium Company,"Health, Education & Media",Unknown / N/A,South Other,0,0
3.4,Company - Private,Professional & Other Services,data engineer,senior,93.0,1,1,1,3799,13.195598161699802,0.409807547383161,16–30,Medium Company,Professional Services,Mid-size Business,South Other,0,1
3.0,Company - Private,Industry & Finance,data scientist,Unknown,94.5,1,0,1,3421,13.298459706582111,0.409807547383161,55+,Large Company,Industry & Business,Large Business,Midwest Other,0,0
3.7,Company - Public,Industry & Finance,data scientist,Junior,102.0,0,1,0,5558,13.798840513309289,0.409807547383161,16–30,Large Company,Industry & Business,Large Business,South Other,1,1
3.2,Company - Private,Professional & Other Services,data scientist,semi-senior,155.0,0,0,1,1817,16.836610990714632,0.409807547383161,0–15,Small Company,Professional Services,Micro / Small Business,Northeast Other,1,1
3.9,Company - Private,Industry & Finance,data scientist,Junior,108.0,0,0,1,3029,14.18371227983268,0.409807547383161,16–30,Small Company,Industry & Business,Micro / Small Business,CA,1,1
4.2,Company - Private,Industry & Finance,data analyst,Unknown,63.5,0,0,0,2643,10.93225999168247,0.409807547383161,16–30,Medium Company,Industry & Business,Mid-size Business,West Other,0,0
4.0,Company - Private,Tech / Innovation,data scientist,Junior,109.0,1,1,1,714,14.246620322596334,0.409807547383161,0–15,Small Company,Tech / Innovation,Micro / Small Business,CA,0,0
3.5,Company - Public,Industry & Finance,data scientist,Junior,96.0,0,0,1,3796,13.400362078390463,0.409807547383161,Unknown,Large Company,Industry & Business,Mid-size Business,South Other,1,0
3.2,Company - Public,Industry & Finance,data engineer,Junior,101.0,1,1,0,2501,13.733406955626625,0.409807547383161,16–30,Large Company,Industry & Business,Mid-size Business,CA,0,1
3.9,Company - Private,Industry & Finance,data engineer,Junior,77.5,0,0,0,3490,12.069921481350242,0.409807547383161,55+,Large Company,Industry & Business,Large Business,Midwest Other,0,1
3.5,Company - Public,Tech / Innovation,data scientist,senior,90.0,0,1,1,1231,12.986897614883096,0.409807547383161,16–30,Corporation / Multinational,Tech / Innovation,Unknown / N/A,CA,1,0
4.3,Company - Public,Industry & Finance,data analyst,Junior,58.0,0,0,0,6600,10.44488140026562,0.409807547383161,55+,Medium Company,Industry & Business,Large Business,Northeast Other,0,1
3.6,Company - Public,"Health, Education & Retail",data scientist,Unknown,128.0,1,0,0,2041,15.382411194814054,0.409807547383161,Unknown,Large Company,"Health, Education & Media",Mid-size Business,NY,0,0
2.3,Company - Public,"Health, Education & Retail",data scientist,Junior,101.0,1,1,1,1727,13.733406955626625,0.409807547383161,16–30,Medium Company,"Health, Education & Media",Mid-size Business,South Other,0,0
4.0,Company - Private,Tech / Innovation,data scientist,Junior,142.0,1,0,0,4637,16.156880050756666,0.409807547383161,0–15,Medium Company,Tech / Innovation,Mid-size Business,VA,0,1
4.1,Company - Private,"Health, Education & Retail",data scientist,Junior,169.0,0,1,1,4743,17.531980874808895,0.409807547383161,16–30,Small Company,"Health, Education & Media",Unknown / N/A,CA,1,1
4.2,Company - Private,Professional & Other Services,data analyst,Junior,52.5,1,0,1,3849,9.929391945681735,0.409807547383161,31–55,Small Company,Professional Services,Micro / Small Business,CA,0,0
4.6,Company - Private,Tech / Innovation,data engineer,semi-senior,75.5,0,1,0,2047,11.91528254920783,0.409807547383161,31–55,Medium Company,Tech / Innovation,Mid-size Business,South Other,0,1
3.7,Company - Public,Industry & Finance,data scientist,Junior,139.0,1,0,1,4929,15.994853330622472,0.409807547383161,Unknown,Corporation / Multinational,Industry & Business,Corporation / Multinational,NY,0,0
3.7,Company - Public,"Health, Education & Retail",data engineer,Junior,102.5,1,1,1,4475,13.831415353113677,0.409807547383161,Unknown,Corporation / Multinational,"Health, Education & Media",Corporation / Multinational,MA,0,1
4.4,Company - Private,Professional & Other Services,Other,Unknown,60.5,0,0,0,1934,10.669653789402375,0.409807547383161,55+,Medium Company,Professional Services,Micro / Small Business,South Other,0,0
3.9,Subsidiary or Business Segment,"Health, Education & Retail",Other,senior,125.0,0,0,0,3965,15.210028826129413,0.409807547383161,31–55,Corporation / Multinational,"Health, Education & Media",Corporation / Multinational,CA,0,0
3.6,Company - Private,Industry & Finance,data analyst,Junior,81.0,1,1,0,4898,12.334970461958763,0.409807547383161,Unknown,Large Company,Industry & Business,Corporation / Multinational,MA,0,0
3.4,Subsidiary or Business Segment,Tech / Innovation,data analyst,Junior,77.0,0,1,1,3256,12.031484676669502,0.409807547383161,16–30,Corporation / Multinational,Tech / Innovation,Corporation / Multinational,South Other,0,0
4.1,Company - Public,Professional & Other Services,data engineer,Junior,92.0,0,0,0,3243,13.126478759484108,0.409807547383161,55+,Large Company,Professional Services,Large Business,VA,0,1
3.8,Company - Public,"Health, Education & Retail",data scientist,Unknown,121.0,0,0,0,1937,14.976343345000807,0.409807547383161,16–30,Corporation / Multinational,"Health, Education & Media",Corporation / Multinational,MA,0,0
4.0,Company - Public,Tech / Innovation,data engineer,senior,162.5,1,0,0,2447,17.21353564201018,0.409807547383161,31–55,Large Company,Tech / Innovation,Large Business,CA,0,1
3.9,Nonprofit Organization,Professional & Other Services,Other,Unknown,60.0,0,0,1,2026,10.62514416224761,0.409807547383161,55+,Large Company,Professional Services,Mid-size Business,South Other,0,0
3.7235294117647055,Nonprofit Organization,Professional & Other Services,Other,Unknown,87.5,1,1,1,5924,12.809821810968891,0.409807547383161,0–15,Medium Company,Professional Services,Unknown / N/A,CA,0,0
4.4,Company - Private,Tech / Innovation,data engineer,Unknown,90.5,1,0,0,1868,13.021963139471763,0.409807547383161,0–15,Small Company,Tech / Innovation,Unknown / N/A,Midwest Other,0,1
2.2,Subsidiary or Business Segment,Professional & Other Services,data scientist,Junior,110.0,0,1,1,6612,14.30918865721579,0.409807547383161,31–55,Medium Company,"Health, Education & Media",Mid-size Business,South Other,0,0
4.1,Company - Public,Professional & Other Services,data analyst,Junior,70.5,0,0,0,4755,11.517788506166134,0.409807547383161,55+,Large Company,Professional Services,Large Business,VA,0,0
3.8,Other,Industry & Finance,data scientist,Junior,76.5,1,0,1,6411,11.992900282090737,0.409807547383161,55+,Large Company,Public & Essential Services,Mid-size Business,West Other,0,0
3.6,Company - Private,Industry & Finance,data engineer,Junior,92.0,1,0,0,2929,13.126478759484108,0.409807547383161,Unknown,Large Company,Industry & Business,Corporation / Multinational,MA,0,1
3.5,Company - Private,Tech / Innovation,data scientist,senior,82.0,1,0,0,4196,12.409452535801018,0.409807547383161,55+,Large Company,Tech / Innovation,Large Business,VA,0,0
3.3,Company - Private,Professional & Other Services,data scientist,senior,164.5,0,0,0,1688,17.312307008677106,0.409807547383161,16–30,Medium Company,"Health, Education & Media",Unknown / N/A,CA,0,0
3.4,Company - Public,Tech / Innovation,data analyst,Entry Level,44.0,0,0,0,2290,9.065697428172276,0.409807547383161,31–55,Medium Company,Tech / Innovation,Mid-size Business,South Other,0,0
4.4,Company - Private,Tech / Innovation,data engineer,senior,109.0,1,0,0,2353,14.246620322596334,0.409807547383161,0–15,Small Company,Tech / Innovation,Unknown / N/A,VA,0,1
3.8,Company - Private,Tech / Innovation,data engineer,Unknown,149.5,0,0,0,3297,16.553304836594695,0.409807547383161,0–15,Medium Company,Tech / Innovation,Unknown / N/A,South Other,0,1
3.5,Company - Private,Professional & Other Services,data engineer,Entry Level,65.5,0,0,0,4582,11.103284298931268,0.409807547383161,16–30,Large Company,Professional Services,Unknown / N/A,South Other,0,1
3.5,Company - Public,Industry & Finance,data scientist,Unknown,124.5,1,0,1,3870,15.18106186332763,0.409807547383161,0–15,Large Company,Industry & Business,Unknown / N/A,South Other,0,1
2.9,Company - Private,Professional & Other Services,data engineer,Unknown,114.0,1,1,0,3333,14.556161184170925,0.409807547383161,16–30,Small Company,"Health, Education & Media",Unknown / N/A,CA,0,1
3.9,Nonprofit Organization,Industry & Finance,data analyst,Unknown,49.0,1,1,1,3971,9.5845553300907,0.409807547383161,55+,Medium Company,Industry & Business,Unknown / N/A,Northeast Other,0,0
3.7,Company - Private,Tech / Innovation,data analyst,Junior,71.0,0,1,0,2632,11.558271839626094,0.409807547383161,31–55,Medium Company,Tech / Innovation,Mid-size Business,VA,0,0
3.6,Company - Private,Industry & Finance,Other,Junior,101.0,0,0,0,4425,13.733406955626625,0.409807547383161,Unknown,Large Company,Industry & Business,Corporation / Multinational,MA,0,0
3.7,Company - Public,Tech / Innovation,data analyst,Junior,61.0,1,0,0,5768,10.713946840774367,0.409807547383161,55+,Corporation / Multinational,Tech / Innovation,Large Business,IL,0,1
3.1,Company - Private,Industry & Finance,Other,Unknown,103.5,0,0,1,5182,13.896284810091302,0.409807547383161,55+,Large Company,Industry & Business,Corporation / Multinational,South Other,0,0
3.6,Company - Private,Industry & Finance,data analyst,Unknown,63.0,0,0,0,5647,10.889008734638473,0.409807547383161,Unknown,Large Company,Industry & Business,Corporation / Multinational,MA,0,0
3.0,Company - Public,Tech / Innovation,Other,Junior,62.5,0,0,0,3449,10.845554407819098,0.409807547383161,31–55,Corporation / Multinational,Tech / Innovation,Corporation / Multinational,Northeast Other,0,0
3.5,Company - Private,"Health, Education & Retail",data engineer,Unknown,94.5,1,0,0,5743,13.298459706582111,0.409807547383161,0–15,Medium Company,"Health, Education & Media",Unknown / N/A,CA,0,1
3.5,Company - Private,"Health, Education & Retail",Other,senior,154.5,1,0,1,4517,16.81110356130491,0.409807547383161,0–15,Large Company,"Health, Education & Media",Large Business,MA,0,0
3.7,Company - Public,Industry & Finance,data scientist,Junior,87.0,1,0,0,2860,12.774049627486919,0.409807547383161,31–55,Medium Company,Industry & Business,Mid-size Business,Midwest Other,0,1
3.2,Company - Private,Professional & Other Services,data engineer,Entry Level,64.5,1,0,0,2926,11.018163392549472,0.409807547383161,16–30,Medium Company,Professional Services,Unknown / N/A,NY,0,1
2.1,Company - Public,"Health, Education & Retail",Other,Junior,111.5,0,0,0,4300,14.402414889271617,0.409807547383161,0–15,Medium Company,"Health, Education & Media",Micro / Small Business,CA,0,0
3.7,Company - Public,"Health, Education & Retail",Other,Junior,154.5,0,0,1,6817,16.81110356130491,0.409807547383161,Unknown,Corporation / Multinational,"Health, Education & Media",Corporation / Multinational,MA,0,1
4.4,Company - Private,Professional & Other Services,data scientist,senior,128.5,1,1,1,3160,15.410908953904139,0.409807547383161,16–30,Medium Company,Professional Services,Mid-size Business,IL,0,1
3.7,Other,"Health, Education & Retail",Other,Unknown,63.0,0,0,0,1945,10.889008734638473,0.409807547383161,55+,Medium Company,"Health, Education & Media",Mid-size Business,West Other,0,0
3.9,Company - Public,"Health, Education & Retail",data scientist,Entry Level,137.0,1,0,1,3169,15.885685903083294,0.409807547383161,55+,Corporation / Multinational,"Health, Education & Media",Corporation / Multinational,NY,0,0
4.0,Nonprofit Organization,Industry & Finance,data engineer,Junior,99.0,1,0,0,4701,13.601383260454815,0.409807547383161,55+,Medium Company,Industry & Business,Mid-size Business,West Other,0,1
4.4,Company - Private,Tech / Innovation,data scientist,Junior,139.5,1,1,0,2518,16.022000120039035,0.409807547383161,31–55,Large Company,Tech / Innovation,Large Business,MA,0,0
3.4,Company - Private,Tech / Innovation,data engineer,Entry Level,109.0,0,0,0,3677,14.246620322596334,0.409807547383161,16–30,Medium Company,Tech / Innovation,Micro / Small Business,MD,0,1
2.9,Subsidiary or Business Segment,"Health, Education & Retail",Other,semi-senior,73.0,0,0,1,3725,11.7185445124039,0.409807547383161,0–15,Medium Company,"Health, Education & Media",Unknown / N/A,CA,0,0
3.1,Company - Private,Industry & Finance,Other,senior,99.5,0,0,1,7121,13.634535674309722,0.409807547383161,55+,Large Company,Industry & Business,Corporation / Multinational,South Other,0,0
3.3,Company - Private,Industry & Finance,data analyst,Unknown,45.5,0,0,0,2867,9.22485406368261,0.409807547383161,31–55,Medium Company,Industry & Business,Mid-size Business,Midwest Other,0,0
4.5,Company - Private,Professional & Other Services,data engineer,semi-senior,122.5,1,0,0,2311,15.064502169512545,0.409807547383161,16–30,Small Company,Professional Services,Micro / Small Business,Midwest Other,0,1
3.9,Company - Public,Industry & Finance,data scientist,Unknown,140.0,1,0,1,5338,16.04908954407807,0.409807547383161,55+,Large Company,Industry & Business,Large Business,IL,0,0
3.2,Nonprofit Organization,Public Sector,data scientist,Junior,77.5,0,0,0,3243,12.069921481350242,0.409807547383161,55+,Large Company,Public & Essential Services,Large Business,VA,0,0
3.3,Company - Private,Professional & Other Services,Other,Unknown,53.0,0,0,0,1848,9.97753446687224,0.409807547383161,31–55,Small Company,Professional Services,Unknown / N/A,MA,0,0
3.1,Company - Private,Industry & Finance,Other,senior,117.5,0,0,1,7361,14.768099292511879,0.409807547383161,55+,Large Company,Industry & Business,Corporation / Multinational,South Other,0,0
2.4,Company - Private,"Health, Education & Retail",Other,Junior,70.5,0,0,0,3374,11.517788506166134,0.409807547383161,16–30,Medium Company,"Health, Education & Media",Mid-size Business,CA,0,0
4.8,Company - Private,Tech / Innovation,Other,Junior,61.5,0,1,0,3693,10.758026132537253,0.409807547383161,0–15,Small Company,Tech / Innovation,Micro / Small Business,CA,0,0
2.9,Company - Private,"Health, Education & Retail",Other,Unknown,70.0,0,0,0,4707,11.477135362115193,0.409807547383161,0–15,Large Company,"Health, Education & Media",Unknown / N/A,NY,0,0
2.9,Company - Private,"Health, Education & Retail",Other,Unknown,80.0,0,0,0,4613,12.259943687458215,0.409807547383161,0–15,Large Company,"Health, Education & Media",Unknown / N/A,South Other,0,0
3.4,Company - Private,Industry & Finance,data engineer,Unknown,90.0,0,0,0,2752,12.986897614883096,0.409807547383161,31–55,Large Company,Industry & Business,Mid-size Business,MA,0,1
3.7235294117647055,Company - Private,Professional & Other Services,Other,senior,120.0,0,0,0,3309,14.91721192334841,0.409807547383161,0–15,,Professional Services,Unknown / N/A,MA,0,0
2.6,Other,"Health, Education & Retail",Other,Unknown,73.5,0,0,0,3078,11.758206585209033,0.409807547383161,31–55,Medium Company,"Health, Education & Media",Unknown / N/A,Northeast Other,0,0
3.6,Company - Private,Industry & Finance,Other,Unknown,129.5,1,1,1,4624,15.467708766521168,0.409807547383161,Unknown,Large Company,Industry & Business,Corporation / Multinational,MA,0,1
4.0,Company - Public,"Health, Education & Retail",data scientist,senior,167.5,0,0,0,4914,17.459144096994084,0.409807547383161,Unknown,Corporation / Multinational,"Health, Education & Media",Corporation / Multinational,NY,0,1
3.8,Company - Public,Industry & Finance,data analyst,Unknown,60.0,0,0,0,4103,10.62514416224761,0.409807547383161,Unknown,Large Company,Industry & Business,Large Business,Midwest Other,0,1
3.9,Company - Private,Industry & Finance,data scientist,Unknown,180.0,1,0,1,3199,18.054821653512985,0.409807547383161,16–30,Small Company,Industry & Business,Mid-size Business,CA,0,0
3.8,Company - Private,Professional & Other Services,data analyst,Unknown,65.0,0,0,1,2501,11.060820457801672,0.409807547383161,16–30,Large Company,Public & Essential Services,Large Business,NY,0,0
4.3,Company - Private,Tech / Innovation,data engineer,senior,112.5,1,0,0,4577,14.464155133505535,0.409807547383161,31–55,Large Company,Tech / Innovation,Large Business,South Other,0,1
1.9,Company - Private,"Health, Education & Retail",data analyst,Junior,87.5,1,0,1,4537,12.809821810968891,0.409807547383161,0–15,Medium Company,Industry & Business,Mid-size Business,NY,0,0
3.3,Company - Private,Industry & Finance,data engineer,Junior,51.5,1,0,0,4323,9.832288630150737,0.409807547383161,55+,Corporation / Multinational,Industry & Business,Corporation / Multinational,Midwest Other,0,0
4.7,Company - Private,Professional & Other Services,Other,Unknown,51.0,0,0,0,4223,9.783319408328907,0.409807547383161,31–55,Small Company,Professional Services,Micro / Small Business,CA,0,0
3.1,Company - Private,Industry & Finance,data scientist,Junior,62.5,1,0,1,3325,10.845554407819098,0.409807547383161,Unknown,Corporation / Multinational,Industry & Business,Corporation / Multinational,MA,0,0
3.4,Company - Public,"Health, Education & Retail",data engineer,Junior,100.0,0,0,0,3889,13.667589910151301,0.409807547383161,31–55,Medium Company,"Health, Education & Media",Unknown / N/A,West Other,0,1
4.4,Company - Private,Tech / Innovation,data engineer,semi-senior,85.0,1,0,0,2869,12.629734188213872,0.409807547383161,16–30,Small Company,Tech / Innovation,Unknown / N/A,VA,0,1
3.9,Company - Private,Tech / Innovation,data scientist,Unknown,122.0,1,0,0,5647,15.035187043867156,0.409807547383161,0–15,Medium Company,Tech / Innovation,Unknown / N/A,South Other,0,1
3.9,Company - Private,Tech / Innovation,Other,Junior,66.5,1,1,1,4759,11.187641624173274,0.409807547383161,16–30,Medium Company,Tech / Innovation,Mid-size Business,IL,0,0
4.7,Company - Private,Industry & Finance,Other,Unknown,70.5,0,1,0,2708,11.517788506166134,0.409807547383161,16–30,Large Company,Industry & Business,Unknown / N/A,Midwest Other,0,1
4.7,Company - Private,Professional & Other Services,data engineer,Junior,138.5,0,0,0,4854,15.967648847341739,0.409807547383161,0–15,Small Company,Public & Essential Services,Micro / Small Business,South Other,1,1
3.4,Company - Private,Professional & Other Services,data scientist,Junior,107.5,0,1,1,8761,14.152129305199335,0.409807547383161,55+,Large Company,Professional Services,Mid-size Business,MA,0,1
3.8,Company - Public,"Health, Education & Retail",Other,Unknown,120.5,0,0,1,2683,14.946813836488948,0.409807547383161,16–30,Medium Company,"Health, Education & Media",Mid-size Business,MA,0,0
2.7,Company - Private,"Health, Education & Retail",Other,Junior,81.0,0,0,1,4740,12.334970461958763,0.409807547383161,55+,Medium Company,"Health, Education & Media",Micro / Small Business,MD,0,0
3.1,Company - Private,Industry & Finance,Other,Unknown,103.5,0,0,1,5169,13.896284810091302,0.409807547383161,55+,Large Company,Industry & Business,Corporation / Multinational,South Other,0,0
4.0,Company - Private,Tech / Innovation,data engineer,semi-senior,162.0,1,0,0,3978,17.188730836077603,0.409807547383161,16–30,Large Company,Tech / Innovation,Unknown / N/A,CA,0,1
3.5,Company - Private,Tech / Innovation,data scientist,Entry Level,68.5,0,0,1,3413,11.354137555988297,0.409807547383161,55+,Large Company,Tech / Innovation,Large Business,CA,1,1
3.4,Company - Public,Industry & Finance,data scientist,Junior,110.5,0,0,0,1735,14.340346969063189,0.409807547383161,31–55,Corporation / Multinational,Industry & Business,Large Business,Midwest Other,1,0
3.7,Subsidiary or Business Segment,Industry & Finance,data engineer,Junior,115.5,1,1,0,6569,14.647455484945676,0.409807547383161,0–15,Medium Company,Industry & Business,Mid-size Business,Midwest Other,0,0
3.8,Other,Industry & Finance,data scientist,Junior,80.5,0,0,0,5188,12.297525833334582,0.409807547383161,55+,Large Company,Public & Essential Services,Mid-size Business,West Other,1,0
4.6,Company - Private,Industry & Finance,data analyst,Unknown,43.0,0,1,0,4328,8.957806486811881,0.409807547383161,31–55,Medium Company,Industry & Business,Mid-size Business,Midwest Other,0,0
4.4,Company - Public,"Health, Education & Retail",Other,Junior,140.0,0,0,0,5449,16.04908954407807,0.409807547383161,16–30,Medium Company,"Health, Education & Media",Unknown / N/A,MA,0,0
3.7235294117647055,Company - Private,Professional & Other Services,Other,senior,120.0,0,0,1,3214,14.91721192334841,0.409807547383161,0–15,,Professional Services,Unknown / N/A,MA,0,0
3.0,Company - Private,Industry & Finance,data analyst,senior,66.5,0,1,0,3766,11.187641624173274,0.409807547383161,31–55,Large Company,Industry & Business,Large Business,Northeast Other,0,0
4.7,Company - Private,Professional & Other Services,data engineer,Unknown,94.5,1,0,0,1504,13.298459706582111,0.409807547383161,16–30,Small Company,Professional Services,Micro / Small Business,CA,0,1
3.8,Other,Industry & Finance,data scientist,senior,119.0,0,0,0,5186,14.857788956641704,0.409807547383161,55+,Large Company,Public & Essential Services,Mid-size Business,West Other,1,0
3.2,Nonprofit Organization,"Health, Education & Retail",Other,Unknown,50.0,0,0,0,1844,9.68452395834392,0.409807547383161,16–30,Corporation / Multinational,"Health, Education & Media",Corporation / Multinational,Midwest Other,0,0
2.7,Company - Public,Industry & Finance,data analyst,semi-senior,27.0,0,1,0,4299,6.978806870536065,0.409807547383161,16–30,Large Company,Industry & Business,Large Business,South Other,0,0
3.3,Company - Private,Industry & Finance,data scientist,semi-senior,194.5,1,0,1,3935,18.71597726449699,0.409807547383161,55+,Corporation / Multinational,Industry & Business,Corporation / Multinational,IL,0,0
3.9,Nonprofit Organization,Professional & Other Services,Other,Unknown,71.5,1,0,0,2332,11.598587260210518,0.409807547383161,55+,Large Company,Professional Services,Mid-size Business,South Other,0,1
3.7,Other,"Health, Education & Retail",data scientist,senior,105.5,0,0,1,8734,14.024922733615764,0.409807547383161,0–15,Medium Company,"Health, Education & Media",Unknown / N/A,South Other,1,1
3.1,Company - Private,Industry & Finance,Other,Unknown,74.0,0,0,1,6034,11.797709735832774,0.409807547383161,55+,Large Company,Industry & Business,Corporation / Multinational,South Other,0,0
3.7,Company - Public,Industry & Finance,data analyst,Junior,62.5,0,0,0,4774,10.845554407819098,0.409807547383161,55+,Corporation / Multinational,Industry & Business,Corporation / Multinational,South Other,0,0
4.3,Nonprofit Organization,Professional & Other Services,Other,Unknown,65.5,0,0,0,2222,11.103284298931268,0.409807547383161,55+,Large Company,Professional Services,Mid-size Business,South Other,0,0
3.6,Company - Private,Professional & Other Services,data scientist,senior,161.5,1,1,0,5121,17.16388080489464,0.409807547383161,31–55,Large Company,"Health, Education & Media",Unknown / N/A,Northeast Other,0,1
2.1,Other,"Health, Education & Retail",data analyst,Entry Level,72.5,0,1,1,1359,11.678721782949623,0.409807547383161,16–30,Large Company,"Health, Education & Media",Mid-size Business,Northeast Other,0,0
3.9,Company - Public,Tech / Innovation,data engineer,Junior,139.0,1,0,0,4915,15.994853330622472,0.409807547383161,16–30,Small Company,Tech / Innovation,Micro / Small Business,CA,0,1
3.9,Company - Private,Tech / Innovation,data engineer,Junior,136.5,0,0,0,3466,15.858247297376263,0.409807547383161,16–30,Medium Company,Tech / Innovation,Micro / Small Business,CA,0,0
3.8,Company - Private,Professional & Other Services,data scientist,Unknown,74.5,1,0,0,3172,11.837055668447235,0.409807547383161,16–30,Large Company,Public & Essential Services,Large Business,NY,0,1
3.1,Company - Private,Industry & Finance,Other,Unknown,80.5,0,0,1,5749,12.297525833334582,0.409807547383161,55+,Large Company,Industry & Business,Corporation / Multinational,South Other,0,0
5.0,Company - Private,Industry & Finance,data scientist,senior,101.0,1,0,0,2711,13.733406955626625,0.409807547383161,0–15,Small Company,Industry & Business,Micro / Small Business,VA,0,0
3.6,Company - Public,Industry & Finance,data scientist,senior,116.5,0,0,0,3948,14.707930187108236,0.409807547383161,Unknown,Corporation / Multinational,Industry & Business,Corporation / Multinational,Northeast Other,0,0
4.7,Subsidiary or Business Segment,Tech / Innovation,data scientist,Junior,232.5,0,0,0,3855,20.321181183385423,0.409807547383161,16–30,Medium Company,Tech / Innovation,Unknown / N/A,CA,1,0
3.5,Company - Private,Tech / Innovation,data scientist,Junior,120.5,1,0,1,2288,14.946813836488948,0.409807547383161,0–15,Small Company,Tech / Innovation,Unknown / N/A,CA,0,0
2.7,Company - Public,Tech / Innovation,data scientist,senior,153.0,0,0,0,6995,16.734287666509942,0.409807547383161,16–30,Corporation / Multinational,Tech / Innovation,Unknown / N/A,CA,1,1
3.4,Company - Private,Tech / Innovation,data scientist,Junior,127.0,1,0,1,3362,15.325217938390788,0.409807547383161,16–30,Medium Company,Tech / Innovation,Unknown / N/A,CA,0,1
4.7,Company - Private,Tech / Innovation,data scientist,Junior,85.5,0,0,0,3740,12.66599932606456,0.409807547383161,0–15,Small Company,Tech / Innovation,Unknown / N/A,CA,1,1
2.8,Company - Public,Professional & Other Services,data scientist,Unknown,76.5,1,1,0,3000,11.992900282090737,0.409807547383161,31–55,Large Company,Industry & Business,Large Business,NY,0,0
3.5,Subsidiary or Business Segment,Professional & Other Services,data scientist,Unknown,128.0,0,1,0,4140,15.382411194814054,0.409807547383161,31–55,Large Company,Tech / Innovation,Mid-size Business,NY,1,1
3.2,Company - Private,Professional & Other Services,data engineer,Junior,91.5,1,0,0,1484,13.091752723015192,0.409807547383161,0–15,Small Company,Professional Services,Micro / Small Business,Northeast Other,0,1
3.7,Subsidiary or Business Segment,Tech / Innovation,data engineer,Junior,177.0,1,0,0,3218,17.914143659059754,0.409807547383161,31–55,Large Company,Tech / Innovation,Mid-size Business,CA,0,1
4.7,Company - Private,Industry & Finance,data scientist,senior,107.0,0,0,0,3703,14.120459513225669,0.409807547383161,0–15,Medium Company,Industry & Business,Mid-size Business,VA,1,1
4.1,Company - Private,Tech / Innovation,data scientist,senior,154.5,0,0,1,4203,16.81110356130491,0.409807547383161,0–15,Medium Company,Tech / Innovation,Unknown / N/A,CA,1,1
4.0,Company - Private,Professional & Other Services,data scientist,senior,113.5,1,0,1,1034,14.525572321473,0.409807547383161,0–15,Small Company,Professional Services,Micro / Small Business,CA,0,1
2.5,Company - Private,"Health, Education & Retail",data scientist,Unknown,143.5,1,0,1,3885,16.237136246825706,0.409807547383161,0–15,Small Company,"Health, Education & Media",Unknown / N/A,CA,0,1
3.9,Company - Private,Tech / Innovation,data scientist,Unknown,113.5,1,0,0,2759,14.525572321473,0.409807547383161,0–15,Small Company,Tech / Innovation,Micro / Small Business,CA,0,0
3.4,Company - Public,Industry & Finance,data scientist,Junior,101.5,0,0,1,2882,13.766171294279495,0.409807547383161,55+,Corporation / Multinational,Industry & Business,Corporation / Multinational,VA,1,1
3.6,Subsidiary or Business Segment,Industry & Finance,data analyst,senior,73.0,0,1,0,6513,11.7185445124039,0.409807547383161,55+,Corporation / Multinational,"Health, Education & Media",Large Business,NY,0,1
3.5,Company - Public,Professional & Other Services,data scientist,Junior,80.5,1,0,1,6438,12.297525833334582,0.409807547383161,0–15,Corporation / Multinational,Professional Services,Large Business,NY,0,1
3.7235294117647055,Company - Private,Professional & Other Services,data scientist,Unknown,110.5,0,0,0,1838,14.340346969063189,0.409807547383161,0–15,,Professional Services,Unknown / N/A,NY,1,0
3.5,Company - Private,Professional & Other Services,data scientist,semi-senior,139.5,1,0,1,1131,16.022000120039035,0.409807547383161,0–15,Small Company,"Health, Education & Media",Micro / Small Business,CA,0,0
4.8,Company - Private,Tech / Innovation,data scientist,Unknown,145.5,1,1,1,2145,16.343378077901434,0.409807547383161,0–15,Small Company,Tech / Innovation,Unknown / N/A,NY,0,0
4.0,Company - Private,Industry & Finance,data scientist,senior,87.0,0,0,1,2496,12.774049627486919,0.409807547383161,16–30,Medium Company,Industry & Business,Mid-size Business,NY,0,0
4.2,Company - Private,Industry & Finance,data scientist,semi-senior,100.5,0,0,0,5013,13.700546747445081,0.409807547383161,55+,Medium Company,Industry & Business,Mid-size Business,MA,0,0
3.8,Company - Public,Tech / Innovation,data scientist,senior,147.0,0,0,1,5478,16.42249507608412,0.409807547383161,55+,Corporation / Multinational,Tech / Innovation,Corporation / Multinational,NY,1,1
3.7,Company - Private,Industry & Finance,data engineer,Unknown,110.5,1,0,1,1506,14.340346969063189,0.409807547383161,55+,Medium Company,Industry & Business,Mid-size Business,NY,0,0
4.6,Company - Private,Professional & Other Services,data scientist,Junior,94.0,1,1,0,2956,13.264280299476212,0.409807547383161,0–15,Small Company,Professional Services,Micro / Small Business,MA,0,1
4.3,Company - Public,Tech / Innovation,data scientist,senior,123.5,1,0,1,4816,15.122921274505563,0.409807547383161,16–30,Large Company,Tech / Innovation,Mid-size Business,NY,0,1
4.0,Company - Public,Tech / Innovation,data engineer,Unknown,73.0,0,0,0,2195,11.7185445124039,0.409807547383161,55+,Corporation / Multinational,Tech / Innovation,Unknown / N/A,West Other,0,0
3.9,Company - Private,Tech / Innovation,data scientist,Unknown,165.0,0,0,0,4815,17.336888969782596,0.409807547383161,0–15,Medium Company,Tech / Innovation,Unknown / N/A,NY,1,1
3.1,Other,"Health, Education & Retail",data analyst,Junior,59.5,0,0,1,4348,10.580415082197858,0.409807547383161,16–30,Large Company,"Health, Education & Media",Mid-size Business,NY,1,0
3.6,Company - Private,"Health, Education & Retail",data analyst,Unknown,66.0,0,0,0,2292,11.14555725623128,0.409807547383161,31–55,Small Company,"Health, Education & Media",Micro / Small Business,NY,0,0
4.2,Company - Private,"Health, Education & Retail",data scientist,Junior,75.5,1,1,1,4341,11.91528254920783,0.409807547383161,0–15,Small Company,Professional Services,Unknown / N/A,NY,0,1
4.0,Company - Public,Industry & Finance,data scientist,Junior,87.0,1,0,0,3127,12.774049627486919,0.409807547383161,55+,Medium Company,Industry & Business,Mid-size Business,VA,0,0
3.9,Company - Public,"Health, Education & Retail",data scientist,senior,140.0,1,0,1,4572,16.04908954407807,0.409807547383161,55+,Corporation / Multinational,"Health, Education & Media",Corporation / Multinational,MD,0,0
3.7,Company - Private,Tech / Innovation,data scientist,senior,86.0,1,0,1,6626,12.702139512602347,0.409807547383161,16–30,Medium Company,Tech / Innovation,Micro / Small Business,MD,0,0
4.4,Company - Private,Tech / Innovation,data scientist,Unknown,116.5,1,0,1,1211,14.707930187108236,0.409807547383161,0–15,Small Company,Tech / Innovation,Unknown / N/A,CA,0,0
3.4,Company - Private,Tech / Innovation,data engineer,Junior,80.0,1,0,0,7802,12.259943687458215,0.409807547383161,16–30,Medium Company,Tech / Innovation,Large Business,South Other,0,1
3.7,Company - Public,Industry & Finance,data scientist,senior,173.0,1,0,0,5884,17.7243661520398,0.409807547383161,55+,Corporation / Multinational,Industry & Business,Corporation / Multinational,CA,0,0
3.5,Company - Private,"Health, Education & Retail",data engineer,Entry Level,68.5,1,0,0,1230,11.354137555988297,0.409807547383161,16–30,Medium Company,"Health, Education & Media",Unknown / N/A,West Other,0,1
4.4,Company - Private,Industry & Finance,data scientist,Junior,172.0,0,0,1,3222,17.67651807086668,0.409807547383161,16–30,Large Company,Industry & Business,Unknown / N/A,NY,1,0
3.9,Company - Public,"Health, Education & Retail",Other,Junior,95.0,0,0,0,3110,13.332532547095152,0.409807547383161,55+,Corporation / Multinational,"Health, Education & Media",Corporation / Multinational,MD,0,0
3.2,Nonprofit Organization,Public Sector,data scientist,Unknown,69.5,1,1,1,4478,11.436310474572565,0.409807547383161,55+,Large Company,Public & Essential Services,Large Business,MA,0,0
4.0,Company - Private,Professional & Other Services,data scientist,semi-senior,97.5,1,0,1,3431,13.501329001850149,0.409807547383161,16–30,Medium Company,Professional Services,Unknown / N/A,NY,0,0
3.4,Company - Private,"Health, Education & Retail",data scientist,semi-senior,95.0,1,1,0,3111,13.332532547095152,0.409807547383161,0–15,Medium Company,"Health, Education & Media",Unknown / N/A,NY,0,1
3.2,Subsidiary or Business Segment,Tech / Innovation,data scientist,Junior,194.0,0,0,0,4847,18.693672547894902,0.409807547383161,16–30,Medium Company,Tech / Innovation,Unknown / N/A,CA,0,1
3.5,Company - Public,Professional & Other Services,data scientist,senior,104.5,1,0,1,4134,13.960785404462358,0.409807547383161,16–30,Medium Company,"Health, Education & Media",Unknown / N/A,NY,0,1
4.2,Company - Private,Tech / Innovation,data engineer,Unknown,85.5,1,0,0,5192,12.66599932606456,0.409807547383161,16–30,Medium Company,Tech / Innovation,Unknown / N/A,South Other,0,1
4.2,Nonprofit Organization,Professional & Other Services,data analyst,Unknown,50.0,0,0,0,4525,9.68452395834392,0.409807547383161,0–15,Corporation / Multinational,Public & Essential Services,Unknown / N/A,West Other,0,1
3.1,Company - Public,Professional & Other Services,data engineer,Unknown,113.0,1,0,0,2421,14.494903824937705,0.409807547383161,16–30,Large Company,Tech / Innovation,Corporation / Multinational,CA,0,1
3.9,Company - Public,"Health, Education & Retail",Other,Junior,90.5,0,0,0,5838,13.021963139471763,0.409807547383161,Unknown,Corporation / Multinational,"Health, Education & Media",Corporation / Multinational,MA,0,1
4.3,Company - Private,Tech / Innovation,data scientist,Unknown,153.0,1,0,0,2095,16.734287666509942,0.409807547383161,16–30,Small Company,Tech / Innovation,Unknown / N/A,CA,0,1
3.3,Company - Public,Professional & Other Services,data analyst,Junior,123.5,0,1,1,7383,15.122921274505563,0.409807547383161,31–55,Large Company,Professional Services,Large Business,CA,0,0
3.9,Company - Private,Tech / Innovation,data analyst,Unknown,47.0,0,0,0,2460,9.380943224151403,0.409807547383161,0–15,Medium Company,Tech / Innovation,Micro / Small Business,NY,0,1
4.0,Company - Public,Tech / Innovation,data scientist,Unknown,162.0,1,1,0,3864,17.188730836077603,0.409807547383161,31–55,Corporation / Multinational,Tech / Innovation,Large Business,CA,0,1
3.5,Company - Public,"Health, Education & Retail",data scientist,senior,133.5,1,0,0,3555,15.6923563336646,0.409807547383161,Unknown,Large Company,"Health, Education & Media",Large Business,West Other,0,0
3.2,Company - Private,"Health, Education & Retail",data engineer,Junior,109.0,0,0,0,1793,14.246620322596334,0.409807547383161,16–30,Large Company,"Health, Education & Media",Unknown / N/A,South Other,0,1
3.2,Company - Private,Tech / Innovation,data scientist,Junior,125.0,0,0,0,3516,15.210028826129413,0.409807547383161,31–55,Large Company,Tech / Innovation,Unknown / N/A,NY,1,1
3.8,Company - Public,"Health, Education & Retail",data scientist,senior,106.5,1,1,1,4033,14.088702257893775,0.409807547383161,16–30,Corporation / Multinational,"Health, Education & Media",Corporation / Multinational,MA,0,0
3.7,Company - Public,Industry & Finance,data analyst,Unknown,54.0,0,0,0,3783,10.073021538797782,0.409807547383161,Unknown,Large Company,Industry & Business,Large Business,MA,0,0
3.0,Subsidiary or Business Segment,Tech / Innovation,data analyst,Junior,37.5,0,0,0,6175,8.336136844481073,0.409807547383161,31–55,Large Company,Tech / Innovation,Mid-size Business,South Other,0,0
3.8,Company - Private,Professional & Other Services,data analyst,Entry Level,53.5,1,0,1,2479,10.025409677294848,0.409807547383161,16–30,Large Company,Public & Essential Services,Large Business,NY,0,0
4.7,Company - Private,Tech / Innovation,data scientist,Unknown,168.0,1,1,1,3939,17.48346563983841,0.409807547383161,0–15,Medium Company,Tech / Innovation,Mid-size Business,CA,0,0
3.9,Company - Public,Tech / Innovation,data analyst,Unknown,138.5,1,1,1,5717,15.967648847341739,0.409807547383161,16–30,Small Company,Tech / Innovation,Unknown / N/A,CA,0,0
3.6,Company - Public,"Health, Education & Retail",data scientist,semi-senior,111.5,0,0,0,5025,14.402414889271617,0.409807547383161,0–15,Corporation / Multinational,"Health, Education & Media",Large Business,Northeast Other,0,0
3.6,Company - Private,Industry & Finance,data scientist,Unknown,68.5,0,0,0,5016,11.354137555988297,0.409807547383161,Unknown,Large Company,Industry & Business,Corporation / Multinational,MA,0,0
3.9,Company - Public,"Health, Education & Retail",Other,Junior,84.5,0,0,0,6162,12.593342928201828,0.409807547383161,Unknown,Corporation / Multinational,"Health, Education & Media",Corporation / Multinational,MA,0,1
4.4,Company - Public,Tech / Innovation,data engineer,senior,102.5,1,0,0,6130,13.831415353113677,0.409807547383161,16–30,Large Company,Tech / Innovation,Mid-size Business,South Other,0,1
3.6,Nonprofit Organization,Public Sector,Other,semi-senior,93.5,1,0,0,3673,13.229993422962222,0.409807547383161,55+,Medium Company,Public & Essential Services,Mid-size Business,Midwest Other,0,0
3.2,Company - Private,Professional & Other Services,data scientist,Junior,127.5,0,0,1,1642,15.353847659862488,0.409807547383161,0–15,Small Company,Professional Services,Micro / Small Business,Northeast Other,0,0
4.2,Nonprofit Organization,Professional & Other Services,data analyst,Unknown,72.0,0,1,1,2811,11.638736631331165,0.409807547383161,0–15,Corporation / Multinational,Public & Essential Services,Unknown / N/A,West Other,0,0
3.1,Company - Private,Industry & Finance,data analyst,Junior,47.0,1,1,0,4386,9.380943224151403,0.409807547383161,31–55,Large Company,Industry & Business,Mid-size Business,West Other,0,0
3.8,Subsidiary or Business Segment,Professional & Other Services,data engineer,Unknown,65.0,1,0,0,3585,11.060820457801672,0.409807547383161,0–15,Medium Company,Professional Services,Unknown / N/A,South Other,0,1
4.0,Company - Private,Tech / Innovation,data analyst,senior,94.0,1,0,1,4096,13.264280299476212,0.409807547383161,0–15,Medium Company,Tech / Innovation,Mid-size Business,VA,0,0
4.0,Company - Private,Tech / Innovation,data engineer,Junior,97.0,1,0,0,6152,13.467775874221811,0.409807547383161,0–15,Medium Company,Tech / Innovation,Mid-size Business,VA,0,1
3.6,Company - Private,Industry & Finance,Other,senior,91.5,0,0,0,4260,13.091752723015192,0.409807547383161,Unknown,Large Company,Industry & Business,Corporation / Multinational,MA,0,1
3.8,Company - Public,"Health, Education & Retail",data scientist,Unknown,114.5,0,0,0,1768,14.58667096772526,0.409807547383161,16–30,Corporation / Multinational,"Health, Education & Media",Corporation / Multinational,MA,0,0
3.2,Company - Private,Professional & Other Services,Other,Unknown,74.0,1,0,0,1790,11.797709735832774,0.409807547383161,0–15,Small Company,Professional Services,Micro / Small Business,Northeast Other,0,1
3.8,Company - Public,"Health, Education & Retail",data scientist,Unknown,121.0,0,0,0,1919,14.976343345000807,0.409807547383161,16–30,Corporation / Multinational,"Health, Education & Media",Corporation / Multinational,MA,0,0
4.5,Company - Private,Tech / Innovation,data analyst,senior,121.5,0,1,0,3726,15.005800924080926,0.409807547383161,16–30,Medium Company,Tech / Innovation,Mid-size Business,CA,0,0
3.7235294117647055,Other,Professional & Other Services,Other,senior,117.5,0,0,0,3437,14.768099292511879,0.409807547383161,0–15,,Professional Services,Unknown / N/A,MA,0,0
3.4,Company - Private,Tech / Innovation,data engineer,Junior,60.5,1,0,0,1214,10.669653789402375,0.409807547383161,16–30,Medium Company,Tech / Innovation,Mid-size Business,West Other,0,1
3.3,Company - Private,Industry & Finance,data engineer,Junior,118.5,1,0,0,3392,14.8279669266967,0.409807547383161,0–15,Large Company,Industry & Business,Large Business,VA,0,1
3.8,Company - Private,Industry & Finance,data analyst,Junior,58.5,1,0,0,2327,10.490286739141018,0.409807547383161,55+,Large Company,Industry & Business,Large Business,IL,0,1
3.9,Company - Private,Tech / Innovation,data scientist,senior,63.5,0,0,0,2340,10.93225999168247,0.409807547383161,16–30,Medium Company,Tech / Innovation,Micro / Small Business,CA,1,1
4.1,Company - Public,Tech / Innovation,data scientist,Unknown,107.0,0,0,1,3329,14.120459513225669,0.409807547383161,31–55,Large Company,Tech / Innovation,Large Business,CA,1,0
3.7,Company - Public,Industry & Finance,data engineer,Junior,105.5,1,0,0,2672,14.024922733615764,0.409807547383161,0–15,Large Company,Industry & Business,Large Business,VA,0,1
2.8,Company - Private,Industry & Finance,data engineer,Junior,83.0,0,1,0,3828,12.483400434741938,0.409807547383161,31–55,Medium Company,Industry & Business,Mid-size Business,CA,0,0
3.0,Company - Public,"Health, Education & Retail",Other,semi-senior,87.5,0,0,0,4586,12.809821810968891,0.409807547383161,31–55,Medium Company,"Health, Education & Media",Unknown / N/A,CA,0,0
4.0,Company - Public,"Health, Education & Retail",Other,senior,172.0,0,0,0,5701,17.67651807086668,0.409807547383161,Unknown,Corporation / Multinational,"Health, Education & Media",Corporation / Multinational,MA,0,1
3.0,Company - Public,"Health, Education & Retail",Other,semi-senior,100.0,0,0,0,7777,13.667589910151301,0.409807547383161,31–55,Medium Company,"Health, Education & Media",Unknown / N/A,CA,0,0
4.2,Company - Private,"Health, Education & Retail",data scientist,Junior,221.5,1,0,1,4951,19.87354632917308,0.409807547383161,0–15,Medium Company,"Health, Education & Media",Unknown / N/A,CA,0,0
3.5,Company - Private,Professional & Other Services,data engineer,Junior,95.5,1,0,0,3119,13.366499711541822,0.409807547383161,16–30,Medium Company,Professional Services,Mid-size Business,IL,0,0
3.3,Company - Private,Industry & Finance,Other,senior,173.0,1,0,1,4183,17.7243661520398,0.409807547383161,31–55,Large Company,Industry & Business,Large Business,Northeast Other,0,0
3.9,Company - Public,"Health, Education & Retail",data scientist,senior,147.5,1,0,1,4490,16.448761462144994,0.409807547383161,55+,Corporation / Multinational,"Health, Education & Media",Corporation / Multinational,MD,0,0
3.7,Nonprofit Organization,"Health, Education & Retail",data engineer,Junior,81.0,0,0,0,2948,12.334970461958763,0.409807547383161,55+,Corporation / Multinational,"Health, Education & Media",Large Business,VA,0,0
3.2,Company - Private,Tech / Innovation,data analyst,Junior,83.0,1,0,0,2689,12.483400434741938,0.409807547383161,16–30,Medium Company,Tech / Innovation,Unknown / N/A,NY,0,1
4.6,Subsidiary or Business Segment,Professional & Other Services,Other,Junior,121.0,0,0,0,3709,14.976343345000807,0.409807547383161,31–55,Small Company,Professional Services,Micro / Small Business,MA,1,1
2.2,Company - Private,"Health, Education & Retail",data analyst,Junior,85.5,0,0,1,4402,12.66599932606456,0.409807547383161,16–30,Medium Company,Industry & Business,Unknown / N/A,CA,0,0
4.6,Subsidiary or Business Segment,Professional & Other Services,Other,Junior,167.5,0,0,1,3180,17.459144096994084,0.409807547383161,31–55,Small Company,Professional Services,Micro / Small Business,MA,0,0
2.6,Other,"Health, Education & Retail",data scientist,senior,107.5,0,0,0,2011,14.152129305199335,0.409807547383161,31–55,Medium Company,"Health, Education & Media",Unknown / N/A,Northeast Other,1,0
3.4,Nonprofit Organization,Professional & Other Services,data analyst,Unknown,44.5,0,0,0,4087,9.119100541941874,0.409807547383161,31–55,Medium Company,Public & Essential Services,Micro / Small Business,West Other,0,1
3.3,Company - Private,"Health, Education & Retail",data analyst,senior,107.5,0,0,0,2606,14.152129305199335,0.409807547383161,55+,Large Company,"Health, Education & Media",Mid-size Business,MD,0,0
3.7235294117647055,Company - Private,Professional & Other Services,Other,Unknown,132.5,0,0,0,3082,15.636571036468876,0.409807547383161,0–15,,Professional Services,Unknown / N/A,MA,0,0
3.7,Company - Private,"Health, Education & Retail",data analyst,Junior,69.5,0,1,0,1865,11.436310474572565,0.409807547383161,31–55,Medium Company,"Health, Education & Media",Mid-size Business,Northeast Other,0,0
3.5,Company - Public,Tech / Innovation,Other,Entry Level,98.5,1,0,0,3926,13.568131878908922,0.409807547383161,31–55,Corporation / Multinational,Tech / Innovation,Corporation / Multinational,CA,0,1
2.7,Company - Private,"Health, Education & Retail",Other,Unknown,80.5,0,0,0,3570,12.297525833334582,0.409807547383161,55+,Medium Company,"Health, Education & Media",Micro / Small Business,MD,0,0
3.8,Company - Private,"Health, Education & Retail",Other,senior,74.0,0,0,1,3747,11.797709735832774,0.409807547383161,16–30,Small Company,"Health, Education & Media",Micro / Small Business,MA,0,0
3.7,Company - Public,Industry & Finance,Other,Junior,99.0,1,0,0,4431,13.601383260454815,0.409807547383161,55+,Corporation / Multinational,Industry & Business,Corporation / Multinational,MD,0,1
3.8,Company - Public,"Health, Education & Retail",Other,Junior,96.5,0,0,0,4465,13.434120514276419,0.409807547383161,16–30,Medium Company,"Health, Education & Media",Mid-size Business,MA,0,0
3.3,Company - Private,Industry & Finance,data scientist,Unknown,53.0,0,0,0,3448,9.97753446687224,0.409807547383161,55+,Corporation / Multinational,Industry & Business,Corporation / Multinational,MA,0,0
2.7,Company - Private,Tech / Innovation,data engineer,Junior,103.0,0,0,0,4571,13.863896544748682,0.409807547383161,0–15,Small Company,Tech / Innovation,Unknown / N/A,CA,0,1
3.9,Company - Public,"Health, Education & Retail",Other,senior,92.0,0,0,0,2391,13.126478759484108,0.409807547383161,55+,Corporation / Multinational,"Health, Education & Media",Corporation / Multinational,MD,0,0
3.6,Company - Private,Professional & Other Services,data scientist,Entry Level,114.0,1,1,0,4648,14.556161184170925,0.409807547383161,31–55,Large Company,"Health, Education & Media",Unknown / N/A,Northeast Other,0,1
3.5,Other,"Health, Education & Retail",data scientist,semi-senior,96.0,0,0,0,3775,13.400362078390463,0.409807547383161,0–15,Small Company,"Health, Education & Media",Micro / Small Business,Midwest Other,0,1
3.4,Company - Private,Professional & Other Services,data scientist,Unknown,96.5,0,0,1,4662,13.434120514276419,0.409807547383161,16–30,Small Company,Professional Services,Micro / Small Business,South Other,1,0
4.3,Company - Private,Tech / Innovation,data scientist,Junior,69.5,0,0,1,3728,11.436310474572565,0.409807547383161,55+,Medium Company,Tech / Innovation,Mid-size Business,West Other,1,0
2.6,Company - Private,"Health, Education & Retail",data scientist,senior,121.0,1,1,1,2399,14.976343345000807,0.409807547383161,16–30,Corporation / Multinational,"Health, Education & Media",Unknown / N/A,CA,0,0
3.8,Subsidiary or Business Segment,Industry & Finance,data scientist,Junior,103.0,1,1,1,2730,13.863896544748682,0.409807547383161,16–30,Medium Company,Industry & Business,Micro / Small Business,CA,0,1
3.2,Nonprofit Organization,Public Sector,data scientist,Junior,106.5,1,1,1,3170,14.088702257893775,0.409807547383161,55+,Large Company,Public & Essential Services,Large Business,VA,0,1
5.0,Company - Private,Tech / Innovation,data scientist,Unknown,130.0,0,0,0,3808,15.496011620923557,0.409807547383161,0–15,Small Company,Tech / Innovation,Unknown / N/A,Midwest Other,0,0
4.3,Company - Public,Tech / Innovation,Other,Unknown,86.5,0,0,0,4023,12.738155901073535,0.409807547383161,16–30,Large Company,Tech / Innovation,Mid-size Business,NY,0,1
3.4,Company - Private,Tech / Innovation,data scientist,Unknown,89.0,0,0,0,407,12.91642004905243,0.409807547383161,0–15,Small Company,Tech / Innovation,Micro / Small Business,West Other,0,0
4.0,Company - Private,"Health, Education & Retail",Other,senior,92.0,0,0,0,3911,13.126478759484108,0.409807547383161,16–30,Medium Company,"Health, Education & Media",Unknown / N/A,CA,0,1
4.1,Company - Private,"Health, Education & Retail",data scientist,Junior,111.0,0,0,0,3478,14.371422181596365,0.409807547383161,16–30,Small Company,"Health, Education & Media",Unknown / N/A,CA,1,1
3.9,Company - Private,Tech / Innovation,data engineer,Entry Level,87.5,1,0,0,3813,12.809821810968891,0.409807547383161,0–15,Medium Company,Tech / Innovation,Mid-size Business,CA,0,1
